user_name,user_id,user_age,user_gender,user_province,user_city,user_introduce,comment,comment_id,praise,date
w安默拉w,2033412777,0,2,370000,371300,,第一次听以为是“一生反复一场大无畏梦境”，特别惊艳，后来看到原句才发现是“奔赴”，又觉得奔赴另有风味,6040284450,0,2024/1/15 8:41
橘生又落valentia,3727270134,0,0,0,100,自在随心，想唱什么就唱什么～,怀念一波入坑曲[多多大哭],6040166966,0,2024/1/15 1:48
橘生又落valentia,3727270134,0,0,0,100,自在随心，想唱什么就唱什么～,@山风没疯 哈哈哈哈哈哈哈哈哈哈（）,6040164468,0,2024/1/15 1:48
竹苑Cecilia,6329599584,0,2,360000,361000,,情绪内耗就来听琉璃真的可以治愈我,6037418730,2,2024/1/10 23:23
清风夜水寒,2073414099,0,0,0,100,,有疗愈效果，亲测,6037347603,6,2024/1/10 21:10
乂肀夂,1824914947,18,2,330000,330300,……想死,已经……不是三年了，是四年了……,6037275155,4,2024/1/10 17:53
发雨呆,42012486,0,0,0,100,Trance in that rain.,三年了重听这首还是湿润双眸，“偏这人间要苦笑静穆风月顽冥”,6037269592,2,2024/1/10 17:42
月亮来了也不晚安,1439650765,0,2,230000,230700,别远离我_,好好听,6036966660,1,2024/1/9 22:57
道静玄,590932819,0,1,820000,820100,独与天地精神往来,这首歌真的有够惊艳！,6036280933,5,2024/1/8 15:49
啊哈ixta,1441175035,34,1,340000,340300,彷徨在巴黎街头，我不想回家，因为你不在家，便没有家  —雾都千寻,愿你此生尽兴，赤诚善良,6034631792,2,2024/1/6 10:48
L5276,2023834320,0,0,0,100,5276,太好听了,6034513713,4,2024/1/6 1:52
代号-决,1469989790,14,1,320000,320500,你眼里的星辰大海是我从未见过的皓月明空,我见玫瑰在黎明时绽放，天地间燃起新的希望,6034414688,8,2024/1/5 23:09
正版小檀儿,117039551,0,0,0,100,你在桥上看风景，看风景人在楼上看你。,新的一年，要先爱自己喔！,6032086013,2,2024/1/1 19:40
别看我名字呐,9025953502,11,2,0,100,,qq没有 来网易云听,6031928452,1,2024/1/1 15:05
何梓熙很nice,1761933437,33,1,430000,430400,你指尖跃动的电光，是我此生不变的信仰，唯我超电磁炮永世长存你指尖跃动的电光，是我此生不变的信仰，唯我超电磁炮永世长存。,我也是，哈哈（?ò ? ó?）,6031853415,1,2024/1/1 12:49
天將明YS,3397994055,21,1,460000,469032,一生奔赴一场大无畏梦境，世人轻慢或艳羡着你。,听着琉璃跨年[多多大笑],6031541053,17,2023/12/31 23:55
烧煤油的小笼包,572377197,19,1,110000,110101,心在甲烷中炽烈，一盏蓝焰冬已竭,航天爱好者特有的年度曲目,6030779046,0,2023/12/30 18:05
啊萸er,553987804,0,0,1000000,1000100,我是凭我的幻想在周游,从初中喜欢到大一[多多比耶],6030137001,2,2023/12/29 12:22
杯中春露冷,1350585278,20,1,440000,440100,巧者劳而知者忧，无能者无所求,世间荣落重逡巡，我独丘园守四春。,6028919182,7,2023/12/27 12:28
am阿默o,272048376,22,2,510000,510700,,很好听,6028786327,1,2023/12/27 1:10
扬羔发发_,2072273679,21,2,310000,310101,,好一股牵丝戏的味儿啊哈哈哈哈[大笑],6028659286,8,2023/12/26 21:51
见一眼秋桃刹那春,566533196,18,2,510000,510100,,好久没听到琉璃了！这个副歌和词真的从第一遍就喜欢上了。。从初中喜欢到现在,6027263751,12,2023/12/24 19:55
棠花吹雪,532109807,0,0,610000,610100,,看来不是我一个人这么觉得，后面的rap的确每次听到都有鸡皮疙瘩。期待一个无rap重制版,6026850342,5,2023/12/24 1:21
踏云_VoeS,8586835309,0,0,0,100,,蠡与璃,6026476085,0,2023/12/23 12:02
踏云_VoeS,8586835309,0,0,0,100,,很有意思的解释,6026474186,0,2023/12/23 12:01
魈君子,3378386964,0,1,440000,440100,,刚进入网易云第1首播放的音乐（琉璃）时隔三年又回来听[可爱],6026155708,2,2023/12/22 19:35
梦醉昭烨,1519825613,0,1,410000,411000,但愿总有人间一两风，偏偏填我十万八千梦,感谢大家[多多大笑]马上就要去看考场了，再听一遍,6026030850,0,2023/12/22 14:05
梦醉昭烨,1519825613,0,1,410000,411000,但愿总有人间一两风，偏偏填我十万八千梦,嗯嗯，大家都会成功的,6026027467,0,2023/12/22 14:02
梦醉昭烨,1519825613,0,1,410000,411000,但愿总有人间一两风，偏偏填我十万八千梦,[多多大笑]收到,6026025652,0,2023/12/22 14:02
白白的萝卜_X,6441223801,0,2,0,100,,明天研究生考试，祝你上岸[多多可怜],6025991988,0,2023/12/22 12:15
欣坐水瓶,100562771,33,1,420000,420100,,我是考公，希望考研的小伙伴们成功,6025684966,0,2023/12/21 20:06
studyhardforthedream,1401743455,0,1,0,100,,从2020年到现在这首歌快听了一千遍了，临姐所有歌曲里面个人最爱的歌！,6025633456,3,2023/12/21 17:56
studyhardforthedream,1401743455,0,1,0,100,,加一！,6025632469,1,2023/12/21 17:55
五有十八,469609954,0,0,0,100,很好的一个介绍,加油加油，你们加油,6025464355,0,2023/12/21 8:51
五有十八,469609954,0,0,0,100,很好的一个介绍,又来盖楼了啊,6025464331,1,2023/12/21 8:50
天將明YS,3397994055,21,1,460000,469032,一生奔赴一场大无畏梦境，世人轻慢或艳羡着你。,连续四年的年度歌曲,6025337163,18,2023/12/20 23:57
夏有乔木-jxcc,100108929,0,2,350000,350200,大梦一场,灰原穷！！！夺…恨…不…天…懂？,6025272409,1,2023/12/20 22:23
秒针失格,1529456131,20,2,510000,511500,,第19楼[多多比耶],6024377467,1,2023/12/19 10:29
秒针失格,1529456131,20,2,510000,511500,,好嘟，谢谢[憨笑],6023674907,1,2023/12/17 20:52
慕远容玺,478582087,0,2,440000,440200,,加油,6023601389,0,2023/12/17 17:51
盐梭鱼梨,557080114,0,2,0,100,“情有独钟的是轻狂年岁，独上高楼宣苍龙来会”——《焦骨》本命银临、子弥、慕寒，墙头不才、司夏、贰婶……,能不能出一个无rap版，虽然我已经听惯了，但不好安利呀,6023517091,9,2023/12/17 14:16
天將明YS,3397994055,21,1,460000,469032,一生奔赴一场大无畏梦境，世人轻慢或艳羡着你。,主创说里有,6023304252,3,2023/12/17 0:50
秒针失格,1529456131,20,2,510000,511500,,我怎么记得评论区之前临子也评论了一个自在随心，怎么不见了啊[流泪],6023130798,2,2023/12/16 19:36
梦醉昭烨,1519825613,0,1,410000,411000,但愿总有人间一两风，偏偏填我十万八千梦,加油加油,6022408287,0,2023/12/15 10:22
幽晓雪,348381457,0,0,0,100,,是一场美丽的梦境啊，诉说自己的心情吧，自叹人生的命运坎坷生活，自我安慰自己吧,6022162843,0,2023/12/14 21:16
烧煤油的小笼包,572377197,19,1,110000,110101,心在甲烷中炽烈，一盏蓝焰冬已竭,是的，50w小飞机[多多耍酷],6021985952,0,2023/12/14 19:01
天將明YS,3397994055,21,1,460000,469032,一生奔赴一场大无畏梦境，世人轻慢或艳羡着你。,2F？,6021972291,0,2023/12/14 18:31
烧煤油的小笼包,572377197,19,1,110000,110101,心在甲烷中炽烈，一盏蓝焰冬已竭,今晚jslc有苞米任务[多多耍酷],6021830975,1,2023/12/14 10:54
阔步河山清旷,1815215077,0,0,130000,130100,,好好好,6021798121,1,2023/12/14 9:10
药小泽,6371238698,0,0,0,100,也许这就是音乐的魅力吧,加油啊啊啊啊我是两天考四级[流泪],6021713826,0,2023/12/14 1:16
辣鸡洋的甜道长,3237326027,0,0,350000,350100,,我玩的是音音，害死了两个最爱我的男人[流泪][流泪][流泪],6020984446,0,2023/12/13 13:21
本座没有得中二病,1507335625,0,2,0,100,来如雷霆收震怒，罢如江海凝清光,到"秀逸山岚，今古潮汐"那段甚至听出了一点史诗感的大气,6020181716,31,2023/12/11 23:00
风离Fahaxiki,1361276862,23,1,330000,330100,“白裙红衣的姑娘桥上婀娜”,谢谢你[爱心][爱心] 愿我们都有奔赴未知和热爱的勇气,6020077637,3,2023/12/11 19:43
炫上云霄-,8495179369,0,0,0,100,,生日快乐?,6020021434,1,2023/12/11 17:32
啵灵啵灵盖,2117156881,17,2,410000,411600,社会主义好青年,月亮坠入,6020006733,1,2023/12/11 16:51
炫上云霄-,8495179369,0,0,0,100,,钻石,6020009819,0,2023/12/11 16:44
炫上云霄-,8495179369,0,0,0,100,,自在随心,6020003785,2,2023/12/11 16:23
炫上云霄-,8495179369,0,0,0,100,,昨晚梦到银临姐姐了[可爱],6019958633,1,2023/12/11 14:05
梦醉昭烨,1519825613,0,1,410000,411000,但愿总有人间一两风，偏偏填我十万八千梦,[大哭]哈哈，我也浪费好多时间，第一次考没经验，坚持坚持！,6019674106,1,2023/12/10 21:31
梦醉昭烨,1519825613,0,1,410000,411000,但愿总有人间一两风，偏偏填我十万八千梦,嗯嗯一起加油,6019671827,1,2023/12/10 21:27
梦醉昭烨,1519825613,0,1,410000,411000,但愿总有人间一两风，偏偏填我十万八千梦,加油加油,6019672761,1,2023/12/10 21:27
白猫123,137473432,0,0,0,100,,哈哈哈哈我也是要考研了听《琉璃》找找力量。前期浪费太多时间了，知道今年已经考不上了，不过还是打算坚持到最后一天。明年再努力[大哭],6019569531,2,2023/12/10 17:46
雾深-Lik,4992791732,16,2,520000,520100,路上见识世界，途中认识自己,加油加油加油加油,6019453216,1,2023/12/10 13:11
#NAME?,49200079,27,1,350000,350100,有很多事 ，不用解释，时间会让我懂事；傻瓜才在年轻时候不做傻事，羡慕别人有故事。,一生是漫长又瑰奇的瞬息，何谓枯荣又何谓云泥。像孤舟巡游 不为逝水追惜，在初逢灯火 在别时钟磬，自在随心。,6019379478,10,2023/12/10 10:24
北葵1912,2064128952,0,2,370000,370100,,[流泪][流泪][流泪],6019340429,1,2023/12/10 8:03
明憂山河,5085974276,17,2,140000,140400,一片清歌付黄昏，乱山残雪夜明烛,浮图塔宝铎和鸣！肖铎的铎是取自于此嘛?,6019293217,2,2023/12/10 2:25
苏子瞻激吹bot,5181275451,0,2,320000,320100,,我来啦,6019217170,3,2023/12/9 23:47
Cheese1010,1342502222,0,0,0,100,,我也好喜欢 小学就喜欢她ww,6019012164,1,2023/12/9 17:29
爱吃松子的大鱼,132140454,27,1,340000,340100,一个懵懂的人，在音乐的世界里，找寻自我，沉溺其中,我买了一个专辑，38元,6018833377,1,2023/12/9 10:02
梦醉昭烨,1519825613,0,1,410000,411000,但愿总有人间一两风，偏偏填我十万八千梦,还有两星期就要考研了?希望大家都会成功,6018532517,60,2023/12/8 19:51
月奚乐兮,601002660,25,0,450000,450100,喜欢很廉价，不喜欢更更廉价,直接2元购买单曲,6018307874,4,2023/12/8 13:49
Sola_________,420148989,0,1,110000,110108,,西安场唱了琉璃，我真的太满足了[多多大笑],6018304438,2,2023/12/8 13:43
八嘎呀鹿呀嘎八,8664409911,0,0,0,100,,你是漫步者耳机嘛？,6017167187,0,2023/12/6 7:49
杯中春露冷,1350585278,20,1,440000,440100,巧者劳而知者忧，无能者无所求,这首歌则是陪我走过了高三，都很有意义,6016975849,1,2023/12/5 21:12
痴痴辣条,360269767,20,1,1000000,1002900,网抑云,一生奔赴一场大无畏梦境。,6016600989,1,2023/12/5 8:34
猫体鱼鳞,1336704770,19,2,0,100,??????,对对我也好喜欢这段,6016563404,1,2023/12/5 4:03
studyhardforthedream,1401743455,0,1,0,100,,二胡那部分确实也好听,6016507902,1,2023/12/5 0:23
studyhardforthedream,1401743455,0,1,0,100,,十分赞同，尤其是“秣陵城初夏夜”那一段,6016507076,4,2023/12/5 0:22
猫体鱼鳞,1336704770,19,2,0,100,??????,每段都很喜欢，没有一句是不好听的……,6016457287,15,2023/12/4 23:37
余己一人,532531460,0,2,0,100,于万人中万幸得以相逢,可是我没有奔赴这场梦境的勇气,6016423024,1,2023/12/4 22:29
na兔兔_,533710688,0,1,0,100,,西安场在现场，太幸福了,6016007934,3,2023/12/3 23:39
危焕夜,1370204876,0,1,610000,610100,,西安现场感觉太棒了,6015675804,9,2023/12/3 12:41
_曲风和,1592357827,0,2,0,100,,西安场太好听了???,6015486999,3,2023/12/3 1:25
听惊蛰静寂成谷雨,4906191246,0,1,0,100,无,真的好喜欢银临姐姐,6015426861,8,2023/12/3 0:04
听惊蛰静寂成谷雨,4906191246,0,1,0,100,无,西安场好幸福，不虚此行,6015424114,14,2023/12/3 0:03
银临小仙女,250903847,26,2,440000,440300,银临小仙女是我的！,在无垠天地，自在随心,6015051430,2,2023/12/2 11:17
我会永远爱捕梦网,498665299,20,0,710000,710500,风,有没有人跟我一样喜欢最后那一段二胡的！！,6014612489,4,2023/12/1 13:26
Septemberorange,3417907723,21,2,610000,610100,他应该带着一束花 一壶酒 一份爱 一腔热血,一样一样,6014356684,1,2023/12/1 2:08
958hudu,8070778857,20,2,320000,320100,,一生奔赴一场大无畏梦境??,6013144986,3,2023/11/28 18:53
loloffy,497162910,0,0,0,100,,突然发现“轻慢或艳羡着你”和“怎甘心扬汤止沸”是一样的,6012855691,1,2023/11/28 0:34
红颜枯坐,1358926526,21,2,520000,520300,风物迢迢梦有时,这里面没有男声啊，说唱还是临子自己呀,6012623640,1,2023/11/27 15:30
得卿谐也,1480385443,22,2,510000,510100,好奇怪，我连你衣服的褶皱也爱。,咦，为什么我听到前面几句之后自动跳到rap片段了？重启之后也是这样，是音源出问题了吗？,6010519998,1,2023/11/23 18:46
studyhardforthedream,1401743455,0,1,0,100,,出高考成绩的那天临姐发布的这首歌，目前是我最喜欢也是听的最多的一首歌，已经快一千遍了！,6010365110,4,2023/11/23 10:08
studyhardforthedream,1401743455,0,1,0,100,,毕竟三专主题曲，大概率会有的,6010364147,0,2023/11/23 10:07
白鸟浮滓_HRay,504496365,0,1,1000000,1004000,,是的 已经开始期待明年的巡演了[多多大哭],6009442301,1,2023/11/21 14:11
涯涯涯涯涯烬,319679313,0,2,0,100,啊～大脑在颤抖,看长沙现场之前感觉自己对银临其实只是有种“爷青回”滤镜，谈不上多喜爱；看完之后却有超乎预期的感动。真就像中场妖扬在视频里说的，她就像琉璃一样，剔透、灵动且能折射出梦幻般的七彩光辉。我从她的音乐里找到一些潇洒面对生活的勇气，毕竟人生不过奔赴一场大无畏梦境。,6009256179,6,2023/11/21 0:02
再将将,361673107,0,2,450000,450100,垃圾桶,滴！长沙现场打卡[多多可怜],6009138426,1,2023/11/20 20:27
棠梨煎雪柚子茶,1655891787,24,1,410000,411500,一入古风深似海，从此流行是路人,长沙现场回来打卡！,6009061308,2,2023/11/20 16:51
Quiet170429,476390929,0,1,440000,440300,,心似白云常自在，意如流水任东西,6008786161,0,2023/11/19 23:26
酒的爻,1519131627,0,0,0,100,,长沙！,6008455417,2,2023/11/19 10:41
沐兮攸宁,1846966728,0,2,0,100,识得君音，三生有幸,长沙场吃的太好了！,6008436966,5,2023/11/19 9:47
澄岚明雪,1567362969,19,1,610000,611000,Full,一样,6008115921,1,2023/11/18 19:04
沐雨沫杰,387990910,0,1,0,100,,这首都3年了吗[生病],6007988279,1,2023/11/18 13:52
阑兰蓝岚拦,3245996969,0,0,0,100,随心听 随心享 随心念,琉璃直击心底,6007804023,2,2023/11/18 0:49
阑兰蓝岚拦,3245996969,0,0,0,100,随心听 随心享 随心念,第五百遍了吧,6007796470,1,2023/11/18 0:40
像一世葵戈,343660216,0,0,0,100,都要好好的,广安电子国风是什么榜单啊,6007490343,1,2023/11/17 16:09
笨蛋小小临,3397946174,0,2,430000,430400,,我怎么记得以前那一段没有男声的,6005505490,2,2023/11/13 14:47
孤竹流萤,633544996,23,2,510000,510100,琴瑟愿与，共沐春秋。,成都场听到了琉璃，心满意足,6005140347,10,2023/11/12 18:42
yichya,63706128,0,1,0,100,,现场打卡[多多大笑],6004733997,2,2023/11/11 22:57
银璃Rachel,8448999037,16,2,440000,440700,异次临倾，步步唯银～                                                      我是临姐的小银子，小银铃呀,在生日这天听最喜欢的歌琉璃者，如你如歌生日快乐?,6003209456,12,2023/11/8 20:00
_幸_会_,1519839627,0,2,0,100,理榜回到前四十！！！,寻找那时的回忆,6002999245,1,2023/11/8 8:31
眼中永远有星辰大海,1605548135,21,2,310000,310101,,每次听这首歌都会被鼓励到,6001330560,1,2023/11/4 18:40
半城旧夜,437144006,20,2,130000,130700,如果不知为何而活，那就为了我而活下去吧。,我真的好喜欢好喜欢好喜欢这首,6001220991,10,2023/11/4 13:36
偷风-不偷月,408146299,22,0,340000,340300,不好意思打扰您上网了 ，这边您直接补偿我十元，您看可以接受吗？,在扣扣音乐如一下面也看见你了诶,6001091808,2,2023/11/4 5:30
华枝春满天心月圆1809,1610750525,0,1,350000,350500,,我也是,6000920846,1,2023/11/3 21:22
辣鸡洋的甜道长,3237326027,0,0,350000,350100,,看见这句话的第一眼我就知道说的是谁了，是陆准哥哥，我没玩千盈，所以我不太能理解千盈的心境，但是我能明白那种痛的感觉,6000866331,0,2023/11/3 19:20
八嘎呀鹿呀嘎八,8664409911,0,0,0,100,,为啥我听一卡一卡的？,6000861703,1,2023/11/3 19:14
动感小丸子波,55529052,28,2,210000,210100,,走走散散心,6000114358,1,2023/11/2 8:45
迎黎嗜夜,1488341172,0,2,0,100,坦然以对，open to life～,好听,6000089497,1,2023/11/2 6:19
暮色对饮茶,7828819371,20,1,340000,341100,我生已悦我，而非他人所困。,希望，南京站能听到《琉璃》,5999577337,2,2023/10/31 23:35
958hudu,8070778857,20,2,320000,320100,,好勇敢的歌???,5999194930,2,2023/10/31 0:18
Jody_Mirror,1531655638,20,2,320000,321200,是个车万厨、普通的术力口歌迷，也很喜欢听陈致逸老师的曲子。最喜欢的角色是博丽灵梦。,不知道为什么每次听完都会想到高畑勋导演的辉夜姬物语,5998557703,2,2023/10/29 18:26
缘瞥,414823855,22,1,110000,110101,,10.21的琉璃好透明,5995312438,10,2023/10/22 16:17
知黑_守白_,132168789,0,1,0,100,你是刺槐我是暮夏,听哭了,5995284611,1,2023/10/22 15:08
树洞挪威,352534193,0,1,510000,511000,,在北京听到了！,5995233825,2,2023/10/22 12:44
瀞山,6335135006,0,1,120000,120101,耳机里藏着与世隔绝的温柔。,听这首歌写了人生第一首词，还往大家不吝赐教[多多可怜][多多可怜][多多可怜]双调忆王孙·首词（癸卯九月初六，阅赏荷，听琉璃首作）白沙又覆芷兰汀。朔风起，如芒似星。江舟万里多沉浮，西北南，几浊清。残铜犹留晨钟音。时节异，仍堪天命！枯荣云泥太憾恨，荒唐去，意未尽。,5995041488,13,2023/10/22 0:07
KimoQiu,592846269,20,2,130000,131000,配音，古风，二次元，原耽，音乐剧，总之啥都听听,我还在那场名叫银临的梦里[流泪][流泪][流泪]演唱会戒断谁懂[流泪][流泪][流泪],5994967553,8,2023/10/21 22:10
小W的大world,266693082,0,2,0,100,,今天唱了这首好好听,5994963113,4,2023/10/21 21:57
宇宙编辑嘿洞,63699069,0,2,0,100,无音乐不黑泡不疯魔/古风歌YYDS/是双重性格的INFJ。,他眼中的临子：一生奔赴一场大无畏梦境,5994937344,2,2023/10/21 21:13
凑不崎豆腐,5170250823,0,0,1000000,100,,都是三年前的歌了 天啊,5994141196,2,2023/10/20 1:14
再吃就抱不动了_,1491276662,0,2,0,100,荣幸之至,我不能死在这里，我的骨血要葬在家乡,5993695301,2,2023/10/19 0:37
金流苏,510694477,0,0,150000,150100,,每次听琉璃都是治愈的过程，白天经历的杂乱会慢慢归于平静，消耗的能量好像也回来了,5993649647,2,2023/10/18 23:32
谓韵,1674334076,20,0,450000,450100,,姐妹真的好棒，现在也是一样的困扰[痛苦],5989434940,0,2023/10/10 18:57
旺旺碎碎冰_香草冰淇淋,504526376,0,2,510000,510100,,失落???迷茫必听歌曲,5989331469,1,2023/10/10 12:50
人间顾我,3280552812,23,2,370000,371300,,为什么副歌我总是幻听牵丝戏[多多捂脸],5988167448,2,2023/10/7 20:43
夜影醉酒,1333140658,23,1,440000,440500,远山长慕 寒鸦声渡,那首《灼》，没听过的小伙伴可以试听一下哦哈哈,5987680018,1,2023/10/6 16:54
夜影醉酒,1333140658,23,1,440000,440500,远山长慕 寒鸦声渡,很好听不过rap部分确实有瑕，大家有意见提出来也是为了银临子能唱的更好进步更多做出更优秀的作品吧！勇于尝试不同曲风我觉得是非常不错的，停滞不前才是真的失败，那种灼，就是我非常喜欢的不算古风的一首吧。银临子继续加油哦！做大做强变大大滴金子哈哈哈,5987679087,2,2023/10/6 16:53
lostbutterfly_rin,98571954,0,2,540000,542400,爱如春日的霜,会不会有去rap版 山里人有点懵emm,5986769442,1,2023/10/4 22:33
变成一个月半子,3422604667,2,2,360000,360700,否极泰来,少女的奇遇,5985323553,3,2023/10/2 1:09
顾名思--,6476067125,0,2,0,100,,真的很好听，是我继棠梨煎雪和牵丝戏后最喜欢的一首，歌词就很琉璃透彻，加上穷叔和临姐的搭配，简直[流泪],5984909378,29,2023/10/1 10:25
鸣珂Rachel,4990792968,0,1,0,100,,一晃都四专了,5983984738,3,2023/9/29 15:24
徘槐_,3294242359,15,2,110000,110101,烟花易逝 人情常存,银临的歌里最喜欢的一首,5983586784,2,2023/9/28 23:47
爆炸de777,2122960666,0,1,410000,410400,,似玉无瑕皎月牙，丰腴润婉笑盈花。追忆往昔共吟曲，琉璃易碎梦浮华。----你的哈咪作，此诗以铭记我心中所爱之琉璃,5982151819,3,2023/9/25 22:42
#NAME?,2140393636,20,1,320000,320900,,大一刚来到大学时很迷茫，高考后似乎所有任务都完成了，不知该做什么，没有目标，整天想着高中的事“向何方归去”渐渐地也知道了该做什么，努力学习，转专业，参加比赛，提高绩点。年少只有一回，任他人轻慢、艳羡，我只需奔赴自己那一生一场的大无畏梦境,5981676716,20,2023/9/24 22:04
雨中的歌笙,535824986,0,2,0,100,我希望自己以后可以热爱生活，热爱世界，我想养只猫,好美,5980604935,0,2023/9/23 10:35
天將明YS,3397994055,21,1,460000,469032,一生奔赴一场大无畏梦境，世人轻慢或艳羡着你。,还有七个多小时，等不及[鬼脸],5979417072,1,2023/9/20 10:45
天將明YS,3397994055,21,1,460000,469032,一生奔赴一场大无畏梦境，世人轻慢或艳羡着你。,昨晚激动的没睡着觉[色],5979373174,1,2023/9/20 7:29
七点了还不起床,1600723929,16,2,220000,220100,,整好,5978748164,1,2023/9/18 17:03
匀隐-允影,8506994664,0,2,0,100,蓝青绾。“我在君处君在我，情无尽时尽无情”爱古典文学，爱宫崎骏，爱漫画，爱安徒生童话，爱荡秋千，爱山楂酱，爱一草一木，不养宠物。爱清水般淡而有味、醇厚隽永。爱舒展的纯音，爱诗情画意的歌词。（不赶流行，喜欢的大多数歌都小众甚至冷门）想作长情且衷情的少女，温柔优雅的公主殿下。,即便我与全世界的规则标准不见容，我也要但凭自己心意塑造一盏恒星般的琉璃,5978629988,2,2023/9/18 10:31
_言_叶,1418707554,0,2,360000,360100,,我身寄为天地客，料君沉浮人海中。,5978598584,2,2023/9/18 8:33
云山落暮,8317499969,0,0,0,100,,会被打动，那便是心还在。心在，便不是比干。,5978443970,2,2023/9/17 22:27
cj即墨如雪,1758011334,0,0,530000,530100,,有的我扎根在戈壁，我走过村落，走过城镇，听见他们喊我蒲公英，我又留了长发，但我不再哭泣，等晚风再次轻抚我的脸颊，我会陪着你远行。,5978303486,3,2023/9/17 17:23
cj即墨如雪,1758011334,0,0,530000,530100,,我喜欢朝阳温柔，眷恋晚霞温柔，爱上月光清影，倾慕雨后初晴。每当晚风唤起虫鸣，你知道我有多想陪你去流浪啊，只是这天地无垠，每一束花开都被赋予了根系。唯有你不忍见我哭泣，你摇晃我的肩膀，我的发丝飘散在风里，化作一个个小小的我，你说要带我远行，我飞过高山，飞过河流，累了停在荒野，,5978298468,5,2023/9/17 17:07
珞麑柒,1666382824,0,2,0,100,故事外的人,是呀?,5977906670,2,2023/9/16 22:44
三磷酸腺苷_33,1745217791,0,0,1000000,1007100,33,商连老师！,5977739579,3,2023/9/16 16:45
今晚吃什么Rachel,401216971,0,2,0,100,,2023年9月15日，再临琉璃声,5977442604,8,2023/9/15 23:43
浮生若梦一场秋雨,1289360639,0,1,130000,130100,让我与你 重塑人间,我永远喜爱音乐与诗词,5977422213,2,2023/9/15 23:02
羽之本,3984021081,0,0,310000,310101,,真假的,5977095789,0,2023/9/15 6:24
孤竹流萤,633544996,23,2,510000,510100,琴瑟愿与，共沐春秋。,三专最爱的一首歌，词曲都很美，刚出来那会儿就一直单曲循环，2023了还是会被同一首歌打动,5977017738,3,2023/9/15 0:05
风雨寒寒风雨,348891023,19,0,230000,230100,高考加油,凑个12306评论[大笑],5976515433,1,2023/9/13 20:33
伯阳a,5204656140,0,1,340000,341800,,邪淫破命破身破运，一生不遂心意，望及早回头，坚心戒色，多行善事。愿你健康快乐。,5976394655,1,2023/9/13 13:19
阔步河山清旷,1815215077,0,0,130000,130100,,三专启动！,5975970026,1,2023/9/12 10:06
辰星下,1732700101,0,2,370000,370100,来做我的太阳,是谁2023还在听啊，是我,5975415658,3,2023/9/11 6:38
珞麑柒,1666382824,0,2,0,100,故事外的人,你会被音乐打动，被诗歌打动，如果有一天你不再被打动了，你就会死，被打动实在是太重要了,5974475151,16,2023/9/9 11:30
晓星之时,2117458554,0,2,0,100,～～～,第12304楼,5974346506,2,2023/9/9 1:19
晓星之时,2117458554,0,2,0,100,～～～,好听呀,5974346483,2,2023/9/9 1:18
Yi种静,489021918,26,1,420000,420100,浮世万千，吾爱有三：日，月，卿。日为朝，月为暮，卿为，朝朝暮暮。浮世万千，不得有三：水中月，镜中花，梦中你。月可求，花可得，唯你，求不可得！,所以，琉璃一词还有什么有来吗？,5973822401,0,2023/9/7 23:53
Yi种静,489021918,26,1,420000,420100,浮世万千，吾爱有三：日，月，卿。日为朝，月为暮，卿为，朝朝暮暮。浮世万千，不得有三：水中月，镜中花，梦中你。月可求，花可得，唯你，求不可得！,一个琉璃是琉璃这个词；一个琉璃是琉璃这首歌[汗],5973820473,0,2023/9/7 23:52
云糕诗Pstil千禧,6300032030,0,0,0,100,“嗯嗯，我会在所有人看不见的地方，偷偷喜欢你，不为证明什么，只是我喜欢你”“心有所念和牵挂，我也就有勇气不再为情而困，所有诱惑我都不在意，我只在意你开心否呢”“我喜欢两个歌手，一个是邓紫棋，才华横溢开朗可爱，一个是要不要买菜，温柔忧郁主动天真”如果说我有什么话想对你说，她/他替我唱过了,其实，是交易思维在作祟。我们付出的时候渴望汇报，我们被付出的时候害怕被索取。内在缺失了太多无条件的爱，但我们不会相信爱,5973358560,2,2023/9/6 22:49
#NAME?,5089341118,18,0,370000,370300,,要勇敢，加油,5973036320,4,2023/9/6 0:22
商陆梦醒尚山麓,1690119525,18,1,500000,500101,管甚月明归路远。,何必云泥，趣舍万殊罢了,5972004625,1,2023/9/3 20:39
橙桜呀,1785835146,0,2,330000,330300,,还是好爱这首歌[憨笑],5971337813,4,2023/9/2 14:24
Mu_Zai,1426101586,18,2,440000,445100,,“琉璃者 如你如歌”,5971240832,3,2023/9/2 10:46
Mu_Zai,1426101586,18,2,440000,445100,,临临的三专《琉璃》里的每首歌 各有各的深意在我看来  “白噪音”寓意着更好的自己 亦是对未来的期许  没有什么是可望不可及 只有你想不想而“琉璃”这首与专辑同名的曲子 寓意着勇敢 琉璃本易破碎 却因勇敢而坚韧 人生一路总会经历着被质疑、被谩骂 “一生奔赴一场大无畏梦境 世人轻慢或艳羡着你”,5971240812,12,2023/9/2 10:46
偶尔xiao失眠,8441536580,0,0,610000,610100,,同校 同级 同班 长思念 并肩走 永远是我们,5970911957,1,2023/9/1 20:20
Apriori-,1834143221,0,2,0,100,此身此时此地~?,好听啊,5970641155,1,2023/9/1 10:39
持续过的,6398468717,0,1,320000,320400,,好听,5969936284,2,2023/8/30 22:02
莹萝姜姜,2017786088,19,2,440000,440100,,刚刚玩完这个本，玩的是洛千盈，这首歌太应景了,5968433568,0,2023/8/28 0:24
千影寒烟,1882523792,37,1,350000,350900,,好听,5968342192,1,2023/8/27 21:42
大橘为重190409,1795173464,0,1,360000,360200,,听着银临仙子的歌，感觉穿越到古代一样，阿不涉身其中,5967829694,3,2023/8/26 21:22
暨如一,328223213,22,2,0,100,韩文清的女朋友,琉璃真的是我人生里好多重要节点都在听的歌呀…,5967636285,20,2023/8/26 13:29
暨如一,328223213,22,2,0,100,韩文清的女朋友,在初逢灯火 在别时钟磬 自在随心,5967636243,2,2023/8/26 13:29
化妆师歌歌,1668105558,0,0,350000,350200,,码,5966713114,1,2023/8/24 22:09
本座没有得中二病,1507335625,0,2,0,100,来如雷霆收震怒，罢如江海凝清光,何谓枯荣又何谓云泥,5966473454,1,2023/8/24 14:28
万山载雪渡月光-,1782947476,0,2,0,100,xD,突然发现对临子来说这可能是一首实验性很强的歌。,5964906384,3,2023/8/21 17:58
写一封宇宙心事,3864944156,0,2,0,100,“填我十万八千梦”,彩云易散琉璃脆,5964818769,2,2023/8/21 14:21
老娘天下最美你奈我何,1340352115,0,2,0,100,会有谁来救你逃出围城森罗，转身放把火。,竟然已经是很久之前的歌了,5964006984,4,2023/8/19 22:24
水星逃客,3944463959,0,2,130000,130500,因为忍受着它的腐烂,琉璃居然都是三年前的歌了,5963540973,42,2023/8/19 0:11
寺千寸,2127411729,0,2,410000,411300,,感觉是一个小女孩与这个世界从初相识到在这个世界里自在独行，她是很爱这个世界本身的，只是受限于这个世界的人们制造的规则，她试着反抗用尽全力活出了自己的样子，自在而行，一如小时候不知道月亮是什么，却会在每个夜晚坠入她的眼眸，如今的她依旧赤诚，阴晴圆缺的月亮到了她眼底都很美，像她一样美,5963527514,24,2023/8/18 23:59
雨荷_MeGB,4990103087,23,0,440000,440100,,我知道的是郁夭夭，她还做过些银临别的歌词的解析。如果ta的和我的不一样的麻烦踢踢，我也想去听听嘿嘿嘿[呲牙],5960989452,0,2023/8/15 0:59
拜伦与济慈,591012935,0,2,350000,350200,我希望把灵魂寄寓其他，却只能得到一片空虚，一片冷寂。或许我的魂魄还是适合在自己的壳子里，而那些虚无的欢乐，也应该得到限制了。,这歌一开始听感觉普普通通，突然一个下午，走进歌里，,5959601437,2,2023/8/12 15:30
南岳180830,1579215591,23,1,430000,430600,,d,5959585851,0,2023/8/12 14:42
天將明YS,3397994055,21,1,460000,469032,一生奔赴一场大无畏梦境，世人轻慢或艳羡着你。,加一,5959147894,0,2023/8/11 18:59
姬金鱼草wyx,3221055909,16,2,640000,640400,,好听的,5958497002,0,2023/8/11 2:42
小太阳是你呀,477515114,0,2,0,100,,等四专等四专,5958332016,3,2023/8/10 21:41
z_csbf梦,5087772469,0,0,110000,110101,你从梦中走来，将我拉离这深渊,有时候总能结合自己身上发生的事在歌词中有新的体会。之前听这首歌的时候只觉得太好听了，银临子唱的太好了，直到这件事发生，对于我来说只觉得荒诞又幸运，但再听这首歌却感到无可言说的悲痛“奔赴一场大无畏梦境，世人轻慢或艳羡着你”可是我又该怎么入梦呢,5956506277,3,2023/8/7 20:48
云篱笙,305456115,0,2,310000,310101,,求[多多可怜],5955973078,0,2023/8/7 10:02
君子有志,123164444,33,0,350000,350300,,莫哭,5954924125,0,2023/8/5 11:49
_言_叶,1418707554,0,2,360000,360100,,这一生纵然跌宕，这世间纵然崎岖，这时代纵然更迭，琉璃初心仍会在心底绽放曙黎。,5953299772,3,2023/8/2 20:39
_言_叶,1418707554,0,2,360000,360100,,像青鸟振翼 越过荒原冻雨在金碧枷锁 在无垠天地 诉尽爱语＊不论是带着镣铐跳舞，还是在广阔舞台恣意发挥，都要全力以赴啊。,5951206889,14,2023/7/30 8:29
鸣珂Rachel,4990792968,0,1,0,100,,三周年快乐[憨笑],5949048300,7,2023/7/26 21:03
studyhardforthedream,1401743455,0,1,0,100,,三周年前来打卡！,5948607491,2,2023/7/26 9:44
眼中永远有星辰大海,1605548135,21,2,310000,310101,,今天三周年，打算单曲循环[色],5948581258,7,2023/7/26 8:17
firstkalista,353027370,22,0,360000,361000,,三年了,5948488507,2,2023/7/26 0:49
天將明YS,3397994055,21,1,460000,469032,一生奔赴一场大无畏梦境，世人轻慢或艳羡着你。,明天三周年了[亲亲][亲亲][亲亲],5948274499,2,2023/7/25 18:45
一江春水37,3316208885,15,2,110000,110101,,我去看长江大桥的时候遇见暴雨，特别特别壮观,5948020178,0,2023/7/25 9:44
OracleNzr,1554386349,0,0,320000,320100,,咱们巧得很，6月我在北京出差一个月，回来南京，真的很湿闷，同等温度比北京出汗快得多。当然不同人体质不同，对热的体感不一样。不过南京678月暴雨倒是事实，对旅游行程还是会有影响的,5947636134,0,2023/7/24 17:26
一江春水37,3316208885,15,2,110000,110101,,我今年暑假去南京了，感觉还行啊，比北京好多了,5947623909,0,2023/7/24 17:01
lead_DALZ,3934507761,0,2,650000,650100,微醺 氛围 喜欢 感觉重要,前奏好有意境，感觉在一片仙境,5947590229,2,2023/7/24 15:49
uni_一只黑土土,1857886397,0,2,1000000,1005500,人生不摆烂，快乐少一半,歌词真的太好了,5947054517,2,2023/7/23 17:56
LovePoem--,503766773,0,0,0,100,,秣陵城 初夏夜,5946720171,4,2023/7/23 0:54
天水成碧是连青,565388477,0,0,0,100,牌不在多，一将成名。水不在深，卧龙则灵。斯是连弩，惟吾连营。太狠上界绿，草色陆连青。谈笑有李儒，往来无白丁。可以调素琴，阅金经。无丝竹之乱耳，无国色之劳形。南阳诸葛庐，西蜀子云亭。刘封云：何罪之有？,在大报恩寺琉璃塔上听此曲。真是浮屠塔宝铎和鸣。,5945835784,36,2023/7/21 15:42
龙魂傲剑,1818937249,0,1,350000,350200,,灰原穷夺妻之恨[多多耍酷],5945451127,4,2023/7/20 22:41
无论什么角色,1393362650,0,0,360000,360400,,喜欢临姐[爱心]，当时听临姐的《琉璃》在作文用了一个琉璃的比喻，自认比较出彩，拿了50分哈哈哈,5945437096,5,2023/7/20 22:18
_言_叶,1418707554,0,2,360000,360100,,喜欢《撒野》里的这句：我讨厌有人为我牺牲  为我放弃什么  我不需要  你走你的路 不要停  你懂吗  我本来是淋雨的  你非要给我撑伞  我会走不快  你也会淋湿   不需要任何人为我做任何事   因为不想听到别人对我说   为了你怎样怎样   你该怎么样做就保持原样  还是做自己   不要因为有了我的出现,5945434045,30,2023/7/20 22:10
汋析,430720260,0,2,330000,330400,,我没看懂?,5945342531,0,2023/7/20 19:34
汋析,430720260,0,2,330000,330400,,呜呜，最好哭的是在墓前说会在天黑前回家[流泪],5945335649,0,2023/7/20 19:26
悼川,7879768796,1,1,370000,370200,十万里海天一色，耀九州光华,唉！婉璃……,5945037746,1,2023/7/20 12:42
月照梅笛,254514100,0,2,110000,110101,,是呀，所以在黑暗无意义的时期很受这首歌鼓舞[爱心],5944816335,1,2023/7/20 8:22
夜倩曲,5089876325,0,0,330000,330400,,锁定坐标：嘉兴？,5944555776,0,2023/7/19 20:20
渴望英语垂怜,3366995936,16,2,0,100,易得无价宝，难得有情郎。,捞,5943595514,0,2023/7/18 11:17
哆啦啰嗦,5062545851,17,2,320000,320100,,在每一次遇见挫折，每一次不敢前进，每一次自我怀疑···的时候，都会点开琉璃，谢谢你给我带来的勇气。高考倒计时326天，我怀揣着一腔勇气奔赴我的大无畏梦境。愿诸事顺意，百无禁忌。,5942376188,5,2023/7/16 16:29
央央的海洋,609368986,18,2,430000,430100,,重新听还是很想哭[流泪],5942205311,3,2023/7/16 10:32
小乐的V仔兽e,4905639902,19,1,510000,510600,其实我是一只附身在v仔兽身上的波加曼,这个专辑里临姐最喜欢的一首,5940991441,2,2023/7/14 14:12
_言_叶,1418707554,0,2,360000,360100,,如果做不了悬在天上的月亮，那就做积水中的月光吧，即使被踩会碎裂，但最终还是会愈合如初。,5940955296,31,2023/7/14 12:47
赋晴长,1979998965,0,0,0,100,清灵疏意织琳琅,鹧鸪天·寒鸦渊天拂落霞满眸，昼残昏满遇孤游。夜羽哀默憾光去，黯影伤怜何处流？独身走，莫惜留，踌躇意散怅空愁。银霄谁枕梦锦绣？鸦渡亡塘共我忧。,5940952344,17,2023/7/14 12:46
Scrub__,2108657999,0,0,0,100,人,我也是,5939983304,2,2023/7/12 22:51
爆炸de777,2122960666,0,1,410000,410400,,似玉无瑕皎月牙，丰腴润婉笑盈花。追忆往昔共吟曲，琉璃易碎梦浮华。,5939885780,0,2023/7/12 19:44
巴别塔恶灵_,1426386214,0,0,1000000,1000500,,「一生是漫长又瑰奇的瞬息 何谓枯荣又何谓云泥」,5939514273,4,2023/7/12 1:03
WANG-燃-Messiah,1705147854,0,1,410000,411100,匹夫竖子，不相与谋！,曲终凉,5938164903,1,2023/7/9 19:49
寺千寸,2127411729,0,2,410000,411300,,我也要求,5937814986,0,2023/7/9 1:21
风月哪堪消磨,1370089563,22,1,370000,370200,自在随心,大气磅礴！,5935775821,4,2023/7/5 12:18
天將明YS,3397994055,21,1,460000,469032,一生奔赴一场大无畏梦境，世人轻慢或艳羡着你。,所以我就跑网易了[多多大哭],5935226432,0,2023/7/4 9:44
猫叫十月-,8486657084,0,2,1000000,1001300,。,那天晚上我翻了我们所有的聊天记录和截图 当时我们有好多仿佛每天都有说不完的话和打不完的电话 可是后来谁也不愿意主动 我曾想以前聊到了深夜的人为什么突然就安静了.,5934316109,6,2023/7/2 14:54
橘生又落valentia,3727270134,0,0,0,100,自在随心，想唱什么就唱什么～,这首歌和牵丝戏是同一个人的作品哦~,5933905212,1,2023/7/1 19:51
心缘200320,3263108773,0,1,140000,140200,,这首歌QQ音乐不能听,5932988443,3,2023/6/29 23:22
b喵大人,1808051882,0,0,420000,420100,,自在随心，太难了，都是把想法寄托在美好的歌词中,5932759536,3,2023/6/29 12:55
翩然惊鸿入云海,64091417,35,2,510000,511300,爱音乐，从未停止倾听……,第一次听，我有想哭的冲动。时隔几年，再听，已懂，我能体会你的心情，感觉是用音乐在哭泣。强者本就是孤独的，而且一直存在争议。[多多可怜],5932345121,2,2023/6/28 15:02
Rachel_YinLin,8045941634,0,0,0,100,,这首歌也许是银临编曲最复杂的一首歌，不知道还有没有更复杂的,5932127549,7,2023/6/28 1:05
徘槐_,3294242359,15,2,110000,110101,烟花易逝 人情常存,考完啦,5931775115,1,2023/6/27 16:32
lsq2004,1528815037,0,0,430000,431200,,祝你中考大捷！,5931385354,1,2023/6/27 0:15
此事千秋无我席,647169313,28,1,0,100,因无所住，而生其心。,学到了[示爱],5931347593,1,2023/6/26 23:28
L5276,2023834320,0,0,0,100,5276,太好听了,5929042641,1,2023/6/22 23:46
玉鳞扰烟霞之煜-青鸾夺朝露之清,8034677348,0,0,1000000,1002000,,“世人轻慢或艳羡着你”“心火怎甘心扬汤止沸”一样的调,5928787501,4,2023/6/22 14:43
深海榆糕,583190981,0,2,110000,110101,长乐未央,浮图塔那句太好听了,5928552200,1,2023/6/22 1:23
徘槐_,3294242359,15,2,110000,110101,烟花易逝 人情常存,中考倒计时三天！,5927798518,3,2023/6/20 22:38
云村村民164068623713097,6370871488,0,0,440000,440500,,于孤独冷寂中发着自己的光，何其光彩夺目，又何其自由。,5926222046,4,2023/6/18 8:04
知歡宴,258637541,20,2,420000,420800,他年身化白骨无血沸余热 犹烧万载磷火 只待明日照山河,每次听都好感慨 承载着我少年时代最难忘的回忆,5925935415,7,2023/6/17 19:36
知歡宴,258637541,20,2,420000,420800,他年身化白骨无血沸余热 犹烧万载磷火 只待明日照山河,高三最忙最累最难过的那段时间全靠琉璃续命。真的很感谢创作者们,5925936068,42,2023/6/17 19:32
宇宙探索编队,554087203,0,0,0,100,勇敢地跳回光之尘埃。,这是enfp的座右铭吧,5925591585,3,2023/6/17 1:37
e清洌,2053615723,0,2,430000,430100,,现在破w了,5925456727,0,2023/6/16 21:54
银临小仙女,250903847,26,2,440000,440300,银临小仙女是我的！,大爱琉璃，真的超级喜欢,5925247899,2,2023/6/16 13:26
徘槐_,3294242359,15,2,110000,110101,烟花易逝 人情常存,我会来见你 骑着羚角马。,5923684198,2,2023/6/13 21:31
冷酒入怀温成烫,406317413,25,2,440000,445200,月光还是少年的月光，九州一色还是李白的霜。,求个up主名字,5923462395,0,2023/6/13 11:43
珍岩鳖,102563476,23,1,1000000,1004400,我才不需要什么积分呢,听了好久了。这首歌真好听啊，刷到了就不会跳过,5923356518,8,2023/6/13 2:57
WANG-燃-Messiah,1705147854,0,1,410000,411100,匹夫竖子，不相与谋！,高热，抽搐，呼吸衰竭，流行性乙型脑炎,5923196326,1,2023/6/12 21:56
江南夜_z,8145743021,16,1,0,100,在没什么情绪的生活里我很喜欢.,想到牵丝戏,5922331662,2,2023/6/11 13:36
-找月老拜把子-,629266786,0,0,130000,130400,听歌???,谢谢穷叔，已经被困在20年的夏天了[多多大哭],5920728505,1,2023/6/8 22:21
云匿Rachel-,1890070289,21,2,330000,330100,账号已注销,回到家饿就饿不对不对不带你,5920722177,1,2023/6/8 22:08
请输入密码查看名字,1439199994,0,1,320000,321100,,到现在还在无限循环,5919589327,1,2023/6/6 23:46
白噪音-Rachel,3988035518,0,0,0,100,,当时听到第一句就完全爱上这首了，就是因为这个“坠”，突然间眼前就有了画面,5917787734,0,2023/6/4 0:00
白噪音-Rachel,3988035518,0,0,0,100,,感觉这个“你”像是未来的我，对现在的我说不要害怕，不妨奔赴一场大无畏的梦境,5917770932,4,2023/6/3 23:37
掌灯照暮川,6330150048,15,2,340000,340200,山川是不胜卷收的画卷，日月为你掌灯。,每听一遍都有惊艳的感觉！,5917691406,1,2023/6/3 21:44
南风知意B-7,1373009585,19,2,610000,610100,道此身执剑，当护持百代山河 与人间无数,听到这个就觉得好熟,5916906105,1,2023/6/2 12:02
x柔情少女攻,1392880692,22,2,130000,130600,,浮屠塔突然想到了肖铎和步音楼,5916756541,2,2023/6/2 0:42
不二佳-_-,1657643526,1,2,430000,430900,喜欢你 好像是上辈子的事情,天地无垠，自在呼吸,5915569070,3,2023/5/30 22:24
季月歌,50281495,20,2,440000,440100,INTP。日语习得中，最近在尝试做一些歌词翻译。拿不拿/夜鹿重度依赖中。本质美术生，没有任何学术理想的自动化工科人。手书脑绘爱好者。,“你要燃烧不歇又丰盈的爱意 万物生发在眼底 偏这人间要爱意屏息 天真嶙峋 向何方归去”越是过得久 越能体会这句歌词的深意这其实就是我的写照吧 丝毫不愿意向世界妥协的我能和他一同走得多远呢,5915098941,6,2023/5/30 1:53
二榆,102438471,0,2,0,100,很少用了，再见啦。,歌词好美[流泪],5914974408,6,2023/5/29 22:35
一個人滴精彩,576379044,33,1,510000,510100,签名，等我想起来了写,“世人轻慢或艳羡着你”,5914441440,23,2023/5/28 21:17
雀見川,1491544894,22,2,320000,320200,那正是、照亮我前方路途的灯吧？,是很好代[流泪],5914389495,0,2023/5/28 19:36
燕返故人迴,2042357541,0,1,0,100,人世间最卑微的八个字nbnbylkw了吧,人生不过大梦一场,5914355675,1,2023/5/28 18:18
额选什么名字呢,569368306,0,1,450000,450100,,我9啊啊啊啊去去去A6BHRKX4XNL,,,
5S6BZ93E4WN8,,,,,,,,,,
TTNAYQ3FMF9U啊啊啊啊啊,5913722381,0,2023/5/27 17:36,,,,,,,
雪拥金陵岸,3310313000,21,2,420000,420600,江海寄余生,去见银临,5911842420,1,2023/5/24 0:23
白噪音-Rachel,3988035518,0,0,0,100,,真的太爱这首歌了[亲亲][亲亲][亲亲],5911398439,1,2023/5/23 0:42
白噪音-Rachel,3988035518,0,0,0,100,,真的太爱这首歌了[亲亲][亲亲][亲亲],5911399264,1,2023/5/23 0:42
KXer,1717794809,17,2,110000,110101,,太好听了[流泪],5910905806,1,2023/5/21 23:54
megumi酱-,499986103,0,2,0,100,都清醒 都独立,我，[流泪],5910370701,0,2023/5/21 0:55
megumi酱-,499986103,0,2,0,100,都清醒 都独立,洛千盈嘛[流泪],5910363187,1,2023/5/21 0:39
天將明YS,3397994055,21,1,460000,469032,一生奔赴一场大无畏梦境，世人轻慢或艳羡着你。,必然有！,5910313722,0,2023/5/20 23:43
西尽阳关,121590471,25,1,340000,340100,,[多多大笑]还是得学会笑，回忆起笑的感觉。,5910264608,2,2023/5/20 22:36
梨园君子,1937571191,0,2,530000,532900,,洛千盈[多多大哭],5910264990,2,2023/5/20 22:34
m叶祎j,6438439313,18,1,530000,530900,,天地变换，唯有你…,5909998476,6,2023/5/20 14:24
云起we,2035660529,0,0,0,100,,每次在我感到迷茫和无助的时候都会来听听这首歌，听听从歌里传递出来的不屈，坚定，即使前方的路是未知的也要去尝试，看看天地无垠，自在随心是一种怎样的体验[憨笑]，在成为我自己这条道路上，我为自己负责,5908337684,17,2023/5/17 15:11
西尽阳关,121590471,25,1,340000,340100,,星河散尽，故人何处？四载春秋，此情，起于姑苏早春，始于秣陵初夏，兴于庐阳初秋，而终于皋兰暮冬。时维三月，余独滞庐阳。,5907701833,3,2023/5/16 17:17
银临小仙女,250903847,26,2,440000,440300,银临小仙女是我的！,太好听了\^O^/,5904786460,1,2023/5/11 9:07
一抹轻尘丶,444011545,0,1,500000,500233,,星河散尽故人来。,5904727429,11,2023/5/11 1:50
OracleNzr,1554386349,0,0,320000,320100,,古风歌曲这样很正常，遣词造句和日常用语有很多不同，你去听别人读古文，也听不懂不是么。和“不好好唱歌”还是不同的,5904422157,6,2023/5/10 15:56
Chuu_yiii,576581413,0,2,0,100,希望快乐永远在当下.,好喜欢听歌 歌里有好美的故事~.,5903301795,3,2023/5/8 11:01
谓风-----,1878095752,21,1,340000,340800,此生磊落肝胆，唯随性随缘,23年5月4日凌晨4点，忙于毕设，倦，突然就被这首歌击中了，音乐啊，真的有一种感动人心的力量，但愿一切安好，在不远的未来，诸事皆毕，能在无垠天地中，恣意呼吸,5901120073,11,2023/5/4 4:02
三月寻诗篇,1545881082,18,0,1000000,1003000,飘飘何所似，天地一沙鸥。,或许可以去听听《你是》,5900006114,1,2023/5/2 2:20
烧煤油的小笼包,572377197,19,1,110000,110101,心在甲烷中炽烈，一盏蓝焰冬已竭,喜欢V的也都喜欢银临（）,5897512737,1,2023/4/27 17:47
橘生又落valentia,3727270134,0,0,0,100,自在随心，想唱什么就唱什么～,我是258,5896977302,2,2023/4/26 20:17
晨曦听歌N年,8524447864,27,1,420000,421200,,吖最近被这首歌给洗脑了，要在网易云音乐和QQ音乐来回跑,5896951407,2,2023/4/26 19:33
晨曦听歌N年,8524447864,27,1,420000,421200,,为啥QQ音乐没有这首歌,5896951005,1,2023/4/26 19:29
今古昵称无定据,396454892,23,1,340000,340100,异次临倾，步步唯银。,又是一年石榴花开了！唱起来！“秣陵城，初夏夜，榴花曾觑见那幕相遇，千百亿星辰在上，浮屠塔宝铎合鸣。”,5896720511,1,2023/4/26 4:49
Chulina-SH,3283252,32,2,110000,110101,两岸人家微雨后，收红豆，树底纤纤抬素手。,哇，好喜欢这首歌的歌词！！[爱心][爱心],5896399587,2,2023/4/25 16:02
酸奶小达人,277671026,30,2,310000,310101,,网易云音乐显示，我目前听了6102遍,5895520405,3,2023/4/23 21:18
怜怜捡垃圾,529418051,24,2,320000,320600,曾经沧海难为水，除却巫山不是云。取次花丛懒回顾，半缘修道半缘君。,一生奔赴一场大无畏梦境,5895380277,13,2023/4/23 15:50
阿十先带走钥匙咯,1818712274,19,2,420000,420100,快过年啦哈哈哈哈哈哈哈哈哈哈哈哈哈哈哈哈哈哈哈哈哈哈哈哈哈哈哈哈哈哈哈哈哈哈哈哈哈哈哈哈哈哈哈哈哈哈哈哈哈哈哈哈哈哈哈哈哈哈哈哈哈哈哈哈哈哈哈哈哈哈哈哈哈哈哈哈哈哈哈哈哈哈哈哈哈哈哈哈哈哈哈哈哈哈哈哈哈哈哈哈哈哈哈哈哈哈哈哈哈哈哈哈哈哈哈哈哈哈哈哈哈哈哈哈哈哈哈哈哈哈哈哈哈哈哈哈哈哈哈哈哈哈哈哈哈哈哈哈哈哈哈哈哈哈哈哈哈哈哈哈哈哈哈哈哈哈哈哈哈哈哈哈哈哈哈哈哈哈哈哈哈哈哈哈哈哈哈哈哈哈哈哈哈哈哈哈哈哈哈哈哈哈哈哈哈哈哈哈哈哈哈哈哈哈哈哈哈哈哈哈哈哈哈哈哈哈哈哈哈哈哈哈哈哈哈哈哈哈哈哈哈哈哈哈哈哈哈哈哈哈哈哈哈哈哈哈哈哈哈哈哈哈哈哈哈哈哈哈哈哈哈哈哈哈哈哈哈哈哈哈哈哈哈哈哈哈哈哈哈哈哈哈哈哈哈哈,是高一,5895355031,1,2023/4/23 14:31
倪鲵,117081103,0,0,310000,310115,,是的 牵丝戏 也是我大爱,5895066927,3,2023/4/22 22:47
倪鲵,117081103,0,0,310000,310115,,几个月前我和我的初恋在秣陵城相拥了 20年前是我甩了他 因为我的心被封印了 20年后我发现我被解封印了 而他爱了我整整26年 我一直寓居在他大二的少年心里 26年没出来 我是不是该感恩 可是天知道这26年我又兜兜转转了对少人生风景 也许没有这些阅历我也不会被解封印 我们都成长成熟了,5895054506,4,2023/4/22 22:35
倪鲵,117081103,0,0,310000,310115,,这不是写给那个爱人的 这是一个身似琉璃心菩提的美貌多情女子 一生追爱被爱 活自己做自己的写照,5895050588,27,2023/4/22 22:30
一枚银子,614389625,26,1,140000,140700,银为有你，天涯比临(*?︶?*).。.:*?,这首歌在我听的所有歌中排第二，第一是不老梦,5894971623,5,2023/4/22 20:24
L5276,2023834320,0,0,0,100,5276,真是越听越好听,5894764762,9,2023/4/22 12:57
L5276,2023834320,0,0,0,100,5276,一生奔赴一场大无畏梦境。,5893213251,2,2023/4/22 12:54
L5276,2023834320,0,0,0,100,5276,银临也是牛，现场能唱得这么好，这歌是真的难啊,5894758235,2,2023/4/22 12:50
L5276,2023834320,0,0,0,100,5276,佩服我的勇气，去ktv唱琉璃，果然[大哭],5894756410,2,2023/4/22 12:50
听着心跳捂耳朵,270570232,0,0,0,100,,穷叔，你下次开个直播讲讲《琉璃》编曲的过程和故事吧[可爱],5894202243,2,2023/4/21 13:19
烧煤油的小笼包,572377197,19,1,110000,110101,心在甲烷中炽烈，一盏蓝焰冬已竭,星河动力，诉尽爱语（幻视）,5891488183,0,2023/4/16 11:53
绻玲,1569403823,19,2,510000,510100,,觉得这首歌很有早年七朵组合的味道,5891238457,3,2023/4/15 23:27
银临小仙女,250903847,26,2,440000,440300,银临小仙女是我的！,在无垠天地，自在随心,5891190813,3,2023/4/15 22:19
籽书道之,555666136,23,2,410000,410200,明天是个好天气呢,这两天听这首歌总想起来68，www什么时候能再见你呀,5890416993,4,2023/4/14 15:41
OracleNzr,1554386349,0,0,320000,320100,,南京人告诉你，暑假九成是热得要死，呆在空调区域不想出去，一成是暴雨下得出不去。两个人一起玩最好去别的地方，要surprise最好是现在或10月，南京宜人的天气太少了,5889906240,1,2023/4/13 14:26
天將明YS,3397994055,21,1,460000,469032,一生奔赴一场大无畏梦境，世人轻慢或艳羡着你。,琉璃第一名到底听了多少遍[惊恐],5889402311,3,2023/4/12 18:07
天水成碧是连青,565388477,0,0,0,100,牌不在多，一将成名。水不在深，卧龙则灵。斯是连弩，惟吾连营。太狠上界绿，草色陆连青。谈笑有李儒，往来无白丁。可以调素琴，阅金经。无丝竹之乱耳，无国色之劳形。南阳诸葛庐，西蜀子云亭。刘封云：何罪之有？,对象在南京，想今年暑假去见见她，那场景大概会是“秣陵城，仲夏夜，榴花曾觑见这抹相遇，千百亿星辰在上，浮屠塔宝铎和鸣。”,5888896935,4,2023/4/11 21:04
唯剑与雪,4026691768,33,0,1000000,1003500,清风来对阵,哪里什么时候？！！！,5888277992,1,2023/4/11 1:05
纞妤,324122091,33,2,440000,440100,,上央视啦！！！！！！！！！(｀?ω?′)！！！！,5887968426,5,2023/4/10 15:30
邻居Wi-Fi没密码,556543388,0,1,0,100,一生奔赴一场大无畏梦境，世人轻慢或艳羡着你，像青鸟振翼 越过荒原冻雨，在金碧枷锁 在无垠天地，诉尽爱语。,全球中文音乐榜上榜[多多调皮],5887609884,6,2023/4/9 22:21
并遥,495892854,0,0,0,100,??メガテラ?ゼロ,音乐榜上榜来的 [大笑]好久没听古风歌了,5887543864,1,2023/4/9 21:24
月茄铭,3381459263,0,0,310000,310101,,很遗憾2023年才听到这首琉璃，又很庆幸2023我听到了琉璃,5887523891,27,2023/4/9 21:04
清鴻鸿,1697311453,0,1,410000,410300,,当你明了 所有的 谜底呀一生奔赴一场大无畏梦境世人轻慢或艳羡着你,5887378916,1,2023/4/9 18:37
白夜栀子,3377632753,19,1,320000,320400,nice,怜惜水畔倒影，却只得岸上踱步徘徊，不得靠近，恐惊扰一池春水皱，打破妄念，不堪惜。,5885685255,4,2023/4/7 22:36
白夜栀子,3377632753,19,1,320000,320400,nice,我爱的是水畔倒映着的水仙花啊！,5885669541,1,2023/4/7 22:05
Xtraordinaire,587212505,0,1,0,100,爱古风爱戏腔，也爱学语言，争做小语种区发音最包准的酿仔，吔（周末营业中...）,你不是 一个人?,5885295686,0,2023/4/7 16:02
天依我,389934940,24,0,500000,500101,天依我就是天依我，还帽子是想笑死我好继承遗产,留名,5884339246,1,2023/4/6 7:52
licyrity,3325484305,16,0,110000,110101,,我原来一直记成“世间好物不牢固，彩云易碎琉璃散。”[流泪],5884070618,0,2023/4/5 21:10
菎山片玉,562858150,0,0,0,100,春日限定,何谓枯荣何谓云泥,5882896693,1,2023/4/4 9:18
Xtraordinaire,587212505,0,1,0,100,爱古风爱戏腔，也爱学语言，争做小语种区发音最包准的酿仔，吔（周末营业中...）,野了个大史???,5882783291,6,2023/4/4 1:22
森淼焱鑫垚VPLQA,94660674,0,1,0,100,乐观自信爱好,穷哥，抱抱不哭,5882299289,0,2023/4/3 13:30
拥我入荒野,133977508,0,2,1000000,1001300,当狮子身上落满麻雀,形神如琉璃,5881444417,2,2023/4/2 12:27
烧煤油的小笼包,572377197,19,1,110000,110101,心在甲烷中炽烈，一盏蓝焰冬已竭,来吧！,5881235171,1,2023/4/2 1:22
度度都督,494134021,26,1,210000,210200,在社杂和社恐之间横跳 2022完播 2023待定群254972509欢迎来玩 （群名 度度都督的云村分村）聊聊天 穷开心不保证你们发出的每句话每个梗我都能接到但我会尽我所能 让你觉得不算浪费时间金鳞岂是池中物，一遇风云便化龙！ 务必理性消费 未成年禁?,哇呜 为临砸留下第12332条评论 然后 ?,5879732095,1,2023/3/31 0:28
梧酒酒MoS,551531880,29,2,1000000,1005300,,当你明了 所有的 谜底呀，寓居在 少年人的动心。,5878696683,3,2023/3/28 23:17
tyqessv12,2137216291,0,0,0,100,都给我来听歌,真的非常喜欢临姐这首,5878012721,1,2023/3/27 17:55
乂肀夂,1824914947,18,2,330000,330300,……想死,很怀念三年前……,5876827197,1,2023/3/25 15:19
乂肀夂,1824914947,18,2,330000,330300,……想死,原来是这样！,5876824681,0,2023/3/25 15:18
_言_叶,1418707554,0,2,360000,360100,,琉璃和牵丝戏也有两句像似，我直接哭了心火怎甘心扬汤止沸世人轻慢或艳羡着你,5876329043,1,2023/3/24 18:38
陈竹夭,1658340641,0,2,0,100,“春风得意马蹄疾，一日看尽长安花”,别吧，这么美的歌被无脑剧粉污染了就太可惜了,5876140022,3,2023/3/24 10:24
Xtraordinaire,587212505,0,1,0,100,爱古风爱戏腔，也爱学语言，争做小语种区发音最包准的酿仔，吔（周末营业中...）,春笺永远的榜一?,5876090567,1,2023/3/24 7:45
Xtraordinaire,587212505,0,1,0,100,爱古风爱戏腔，也爱学语言，争做小语种区发音最包准的酿仔，吔（周末营业中...）,《春笺》yyds???,5876089650,1,2023/3/24 7:45
花舞雪Drei,246449636,33,1,370000,370600,没有音乐活不下去辣,穷叔，我滴超人！,5874667595,0,2023/3/21 21:05
但愿人长久Du,330209911,28,1,620000,620100,隐约雷鸣，阴霾天空，但盼风雨来，能留你在此。,“万物生发在眼底，万物沉默于光影。”,5874429749,2,2023/3/21 8:46
路人行人路人甲,8141779314,0,0,0,100,,世间好物不坚牢，彩云易散琉璃脆。,5874427813,1,2023/3/21 8:42
至若春和景明_OulI,605680827,0,2,0,100,岁月无忧愁。,[多多耍酷][多多耍酷],5873560407,0,2023/3/19 17:15
_庐山烟雨浙江潮,511812033,0,0,0,100,何谓枯荣又何谓云泥,何谓枯荣何谓云泥,5872821416,3,2023/3/18 13:29
浅幽醉铃,8375618268,14,2,440000,440300,,哦，谢谢~（对不起才看到）,5869742497,0,2023/3/12 14:18
Violet_yii,376692488,19,2,220000,220100,,一生奔赴一场大无畏梦境，代了好多人,5869269241,3,2023/3/11 19:28
人畜无害的阿羽,94414812,25,1,360000,360700,大家好,我也没解读成爱情,5868661167,0,2023/3/10 18:05
谁说我不开心了,282937304,0,0,0,100,你来人间一趟，你要晒晒太阳。,我的小师兄啊,5868165851,1,2023/3/9 18:06
jfxxogcgkckh,1684925417,0,1,370000,370600,,我也不知道他们都说是真的,5868012388,0,2023/3/9 9:56
_言_叶,1418707554,0,2,360000,360100,,跟另一首歌曲《珍珠》连着听，我也有这种感觉了。珍珠歌词：有谁不曾期翼投身远方，直到我重归浮沫，随风旖旎为浪花半朵。听说有人孤负黑夜，偏要点亮人间的月。,5867741969,0,2023/3/8 19:49
Balabala_Lyan,546738258,18,2,520000,520300,妄春,推到星评！！！,5867606657,0,2023/3/8 17:49
轩辕荒若,1430159328,23,1,310000,310101,山海牵绊,2022年其他歌都是不到100遍，琉璃听了561遍,5867515504,7,2023/3/8 14:12
晚风醉_,1545747038,0,2,0,100,我吹过你吹过的晚风，那我们算不算相拥。,你不是一个人[亲亲][亲亲],5867194515,1,2023/3/7 20:53
碧落桃源,2132398046,20,2,340000,340700,,真的无限循环[流泪],5867169586,0,2023/3/7 20:07
最近惹上杀身之祸改名避祸,351810454,0,0,500000,500118,我是黑猪，有事找我。本猪只干60年退休，后面九年就自己出去玩了。现在干了23年了。还有猪场猪崽没下.自己维生的工作没找到，其实已经找到了，但是发现自己很渺小。要是出去工作的话就很难兼顾这边了，乐曲如旧，最后我都会回家。我静静的静静地飘落下来。哈哈哈我的一个小目标是：做一个牛粪一样的黑猪。可燃为灰烬。遗诏：实际在位50年剩下10年就去找下一个黑猪。广而告之。要是哪天我记不住，有人一看就知道怎么办。就是这套操作来一遍。从盘古开天女娲补天开始、反骨......走个9个月它还活着就是了,宁为玉碎不为瓦全哈哈哈我看了后面也没懂前一句“宁为玉碎”差了一些故事,5866787735,0,2023/3/6 22:33
孤竹流萤,633544996,23,2,510000,510100,琴瑟愿与，共沐春秋。,虽然临姐每张专辑我都爱，但每张里总能挑出一首我爱之又爱的歌，譬如一专的腐草为萤，二专的青山揽梦，三专的琉璃，以及新EP的见夏如晤,5866548952,4,2023/3/6 12:55
兮棫,570097023,0,2,510000,510100,,有两三年了，越听越感动,5866473227,2,2023/3/6 8:47
橘生又落valentia,3727270134,0,0,0,100,自在随心，想唱什么就唱什么～,女子挖眼球[大哭][大哭][大哭][大哭][大哭],5866401585,2,2023/3/6 1:05
鸣珂Rachel,4990792968,0,1,0,100,,在歌曲歌词方面当然可以！奔赴梦境，告别过往，沉入湖泊。但其实这两首歌都有各自的故事，《琉璃》讲述的一个女子挖眼球的故事，见银临的剪刀手（电台），《过空门》的背景故事是《逢鹤》，清明写的～,5866146742,5,2023/3/5 18:00
慕瑞秋,503254790,33,2,0,100,鱼跃此时海，花开彼岸天,高中，对我来说已是七年前的事了,5865347585,0,2023/3/4 12:23
浅幽醉铃,8375618268,14,2,440000,440300,,突然有一个想法，临姐最近有新歌《过空门》讲的是南京，背景故事里有“琉璃塔”“宝珠金铎”，《琉璃》歌词里有“浮图塔宝铎和鸣”和“秣陵城”，秣陵即南京，《过空门》会不会是《琉璃》的结局？,5864486028,10,2023/3/2 23:22
烧煤油的小笼包,572377197,19,1,110000,110101,心在甲烷中炽烈，一盏蓝焰冬已竭,你说得对，所以洛天依的涂装做了两个，一个探日，另一个探月，建模不难，大二学了轨道力学再画贴图,5864507749,0,2023/3/2 22:53
虚宿一Aqr,564777530,26,2,370000,370200,,感觉好像太平和婉儿，副歌让我想起“千年万岁，椒花颂声”。,5864466933,31,2023/3/2 22:28
一枚银子,614389625,26,1,140000,140700,银为有你，天涯比临(*?︶?*).。.:*?,喜欢这首歌的一定要去单独听一下伴奏，你会听出这首歌另一个角度不同的感觉,5864018117,14,2023/3/2 0:19
小橘子的纸飞机,575257786,0,0,0,100,ky还有理的粉丝爬嗷，别什么都拿饭圈思维想,想起住在琉璃宫的曦禾，像琉璃一样美丽透彻却也易碎锋利,5862054844,1,2023/2/26 6:54
唯惟动听,6313597372,0,2,0,100,,?秣陵城的光影斑驳如琉璃～,5861536492,1,2023/2/25 11:32
子期HAN,1332977065,20,2,410000,410800,,还在听呀,5860956559,1,2023/2/24 11:00
杯中春露冷,1350585278,20,1,440000,440100,巧者劳而知者忧，无能者无所求,偏这人间要哭笑静穆，风月顽冥,5860935317,9,2023/2/24 9:50
花舞雪Drei,246449636,33,1,370000,370600,没有音乐活不下去辣,这歌太神了,5860680550,2,2023/2/23 21:22
长大的小白菜,1389470465,0,0,330000,330200,面具的笑容，遮挡不了我的悲伤，谁能看到我面具下的眼泪。,卧槽，预判？[呆],5860309994,0,2023/2/23 10:02
淡墨晨屿,48553311,38,1,450000,451200,,游览杭州湘湖西岸，夕阳里听这首歌，也很配,5860277098,2,2023/2/23 8:10
wu-隐,1855413770,22,1,410000,410100,,还有人玩过这剧本呀,5859382527,0,2023/2/21 16:42
长歌12345,579292097,0,0,0,100,,结尾处的二胡好听了,5858442405,1,2023/2/19 20:15
东风令-,3288081313,0,2,230000,230100,千古风流人物。,好美的歌啊啊啊！！闭上眼睛一边听，好像在听一段荡气回肠而酣畅淋漓的故事，是温柔却不失力量的！,5858224480,2,2023/2/19 12:56
散琳琅,1384181543,0,2,530000,530400,嗨，想我了吗，感觉如何?～,我永远喜欢琉璃,5857562965,1,2023/2/18 12:56
无归_w,568311793,25,1,340000,340100,人生就像愤怒的小鸟，失败时总有几只猪在笑。,一直在听啊,5856962972,1,2023/2/17 12:21
时光狠狠确认,5086755635,20,1,370000,371400,呵呵,水调谁家唱?夜阑风静欲归时，惟有一江明月碧琉璃。,5853602820,5,2023/2/11 18:40
时光狠狠确认,5086755635,20,1,370000,371400,呵呵,充满哲学，感觉和庄子梦蝶一样,5853596873,1,2023/2/11 18:35
花归,273265506,0,2,320000,321000,,一年前喜欢听迟迟，一年后喜欢听琉璃,5853166238,3,2023/2/10 23:50
抚琴一曲动千殇,7904261387,0,0,0,100,,琉璃脆，宫墙深，风云诡谲，不应锁住那个向往星月旷野、策马江湖的剔透灵魂。（听歌时自动带入一个故事人设宿命莫测感好强！[流感][流感][心碎]）,5850706144,20,2023/2/6 22:56
桉柠919597,5130763766,0,0,370000,370100,,默默问一句，哭的到底是谁,5848863779,0,2023/2/4 13:19
在下琉璃,1892903763,0,2,520000,522200,,好滴?,5848482434,0,2023/2/3 23:03
凌肖下雨就会变成凌霄,1830547217,0,0,0,100,我崇拜流浪、变化和幻想，不愿将我的爱钉在地球某处,感谢～百变大侦探应该是个软件名？隐约记得自己好想玩过！我忙完手上这些就去试试！！,5845882768,0,2023/1/31 14:03
柠夏yo,395126206,26,2,370000,370200,遇见你从此星河长明,是的，百变大侦探。同名本《星河散尽故人来》当时我一看到这个本名，第一反应就是这首歌,5845874253,0,2023/1/31 13:59
凌肖下雨就会变成凌霄,1830547217,0,0,0,100,我崇拜流浪、变化和幻想，不愿将我的爱钉在地球某处,！！请问这是剧本杀吗？突然被戳到，好想尝试,5845872928,0,2023/1/31 13:53
桂紫雲_Z,7808102560,33,0,420000,420100,,天地无垠，自在随心~,5845764493,1,2023/1/31 10:44
杀震天下事,570121140,0,2,0,100,于繁华中窥见真实，流光溢彩，心中清明。,好听~,5845621782,1,2023/1/31 0:51
無端攝山,350662188,0,0,0,100,江南桥下，不妨听一卦。,生来明彻生来多情 燃烧着 不歇的 又丰盈的爱意。,5845214018,1,2023/1/30 14:37
Kurzgeschichten,479938125,0,1,1000000,1010000,屁股决定脑子,推荐小说?我的女友来自未来?，向前走，可以回头看，但不要回来,5844878372,1,2023/1/30 0:28
我永远是团子,7914993587,0,0,130000,130100,,有啊,5843263944,1,2023/1/27 20:16
Sin简白,590810678,0,1,420000,421000,,又要出发去寻梦了，希望我也能早日寻找到属于我的"琉璃"吧。,5842985666,2,2023/1/27 11:50
乂肀夂,1824914947,18,2,330000,330300,……想死,20年的夏天啊……回不去的永远,5840966845,4,2023/1/24 0:36
柠夏yo,395126206,26,2,370000,370200,遇见你从此星河长明,还有梳妆台下那一把糖果…走本的时候，有个线索就是这把糖果，当时别人一问我。我脑子有根弦一下就崩断了,5837858298,0,2023/1/19 1:58
鸿棹,1397538845,19,2,0,100,Enthusiastic.,有人是星河散尽故人来里面为了陆准和洛千盈来的吗[多多大哭],5837803532,11,2023/1/19 0:22
轻裘世胄,1513752426,0,2,450000,451400,,最近在看一个电视剧，“浮图塔宝铎和鸣”一下就代入了,5837328010,5,2023/1/18 12:20
Xtraordinaire,587212505,0,1,0,100,爱古风爱戏腔，也爱学语言，争做小语种区发音最包准的酿仔，吔（周末营业中...）,和你们当时5年前合唱的《故城》好像，或许哭也有三分这个缘故?,5837166678,0,2023/1/18 4:47
从前阿阿,3626060132,20,2,120000,120101,放弃一切，包括民族，理性，乡土，退行回草履虫，游向糖分高的一段。,2023了是谁还在听琉璃?,5837128846,34,2023/1/18 1:47
一枚银子,614389625,26,1,140000,140700,银为有你，天涯比临(*?︶?*).。.:*?,其实琉璃这首歌是写给自己的呀,5836500388,1,2023/1/17 10:09
仙云阿,347197109,24,1,350000,350500,愿我流淌的岁月静好。,听出了不老梦！,5835945321,2,2023/1/16 14:55
-晚秋呀-,1877227332,19,1,510000,511700,,打卡打卡,5835275576,1,2023/1/15 16:15
傻sxs白,276042530,27,1,340000,341600,三缘合和，因果轮回。缘起性空，性空缘起。常应万物，五蕴皆空。天地归一，共修大道。,我欲赴一国， 处处无杜鹃。 鸣声若入耳， 凄楚弥心田。,5835011281,3,2023/1/15 7:55
XIashes,1545745508,21,1,0,100,,万物生发在眼底不歇又丰盈的爱意,5834958969,3,2023/1/15 2:17
十月阿鱼,1976771085,0,0,130000,131000,,秣陵城 初夏夜 榴花曾觑见这幕相遇，千百亿星辰在上 浮图塔宝铎和鸣，当宫阙 成丘墟 谁人觅得斑驳诗句，碎金片羽 随你梦入小小蓬瀛。,5834605632,5,2023/1/14 17:43
星辰meoeor,3376712337,0,2,0,100,敢问公子，小女子如何博你欢心,若待琉璃飞羽，许你琥珀星辰,5833695211,4,2023/1/13 13:21
裁尘mio,634904948,0,2,0,100,枕簟恣叹旧梦裁，绾忆拭目空倦尘。,临子的这首《琉璃》，词曲具佳~尤其要夸下编曲~既有日升月息，万象包罗，溯古追今，亦有众生对造化自然之爱。金碧枷锁，无垠天地，皆可诉尽爱语。无谓枯荣云泥，一生且奔赴一场大无畏梦境! 是一首共鸣感极强的与众不同的古风~!,5832316692,31,2023/1/11 23:51
此间温如言i,550829405,0,0,0,100,喜欢音乐喜欢吹口琴，欢迎兴趣相投的朋友一起交流～,音乐响起，让人的耳朵就此沦陷。悠扬的曲调紧紧的抓住我的耳朵，音符在四周漂荡，旋律如小溪般流淌。整首歌曲最喜欢的还是中间银临的rap，声声入心，让人无比的享受。,5832133204,4,2023/1/11 19:59
不食人间烟火而已,512338767,22,2,210000,210800,,我可能也类似这种看法，不过是觉得是自己想成为又成为不了的偶像或者崇拜的人，躺不平又站不起来的45度人生，世俗说的多另类多奇怪，而我在一旁偷偷热泪盈眶，因为是我终其一生都达不到的状态,5831646739,1,2023/1/11 4:01
zero_RoNg_G5pl,3897461698,0,0,0,100,,三年辣！第一次听的时候才刚中考完,5831606997,3,2023/1/11 1:56
河丘风雪夜,267079931,26,1,370000,371700,回首前尘往事，总有许多忘不了的人和事。有时，往事的本身也许并不出众，你之所以记得它，因为它是你成长的烙印……,一生奔赴一场大无畏梦境[流泪],5831396569,0,2023/1/10 21:50
云弋_21,1965882985,18,2,320000,320500,心有所念，皆成因缘万千山河远，皆入云川中,谢谢！,5831216518,0,2023/1/10 17:53
十里長街走馬v,1705425832,20,2,410000,410700,,好像叫一梦琉璃,5831164534,0,2023/1/10 16:22
千叶真尹,333532758,27,1,320000,320400,,好听,5831026468,2,2023/1/10 12:34
阿楠不是某某猫,411849247,0,0,0,100,影子向玫瑰献忱 落日与夕阳亲抚迟暮.,银临的声音真的好爱啊，声线很是空灵又很是纯净，节奏轻快像是在诉说着《琉璃》的种种过往，歌词“一生奔赴一场大无畏梦境，世人轻慢或艳羡着你”，这一句写的是银临自己以及一些在成长道路中那些不被认可的人。,5830636891,481,2023/1/9 22:21
青寒Whale,1299239514,21,1,440000,440100,山有峰顶，湖有彼岸。,我这一生遇到过很多人，他们如同指间的烟火，忽明忽暗，最后只沦为一抹灰烬，而你不同，你如北斗，闪耀在我的整个人生,5828682512,20,2023/1/7 12:43
Layceni,381901730,0,1,0,100,常听常喜，银临子?,生日快乐,5827281271,2,2023/1/5 18:30
李-诗-情,2087934084,0,2,0,100,,哭了怎么那么好听,5825431446,5,2023/1/3 15:54
阑兰蓝岚拦,3245996969,0,0,0,100,随心听 随心享 随心念,2023年1.3号,5825173206,3,2023/1/3 8:00
云弋_21,1965882985,18,2,320000,320500,心有所念，皆成因缘万千山河远，皆入云川中,哪个地图？,5823974431,0,2023/1/1 19:52
橘生又落valentia,3727270134,0,0,0,100,自在随心，想唱什么就唱什么～,我也是哦[色],5823961419,0,2023/1/1 19:35
采莲南塘秋y,248719436,26,2,430000,430200,三月梨花雪，几载开了又败？,在derrfrde,5823883325,0,2023/1/1 17:56
采莲南塘秋y,248719436,26,2,430000,430200,三月梨花雪，几载开了又败？,在derrfrde,5823881687,0,2023/1/1 17:56
是酥酥呐_7VUb,3236750208,22,2,0,100,放过自己吧,是的，千盈在他走后也经常去看他,5823468199,0,2023/1/1 6:40
Oncera,3872831005,0,1,1000000,1002900,,我觉得陆准虽然最后死了但已经很圆满了孤儿的身世  可以碰到洛千盈[流泪]  还有把陆准当做亲哥哥一样对待的阮音音  洛云其实真的某种意义上帮助陆准改变了一生  简直人生导师  还有年少肝胆相照的白子和[流泪][流泪],5823319622,1,2023/1/1 0:43
为斩首而生的头颅,339038542,0,2,0,100,好好学习,[流泪][流泪][流泪]玩的洛千盈 她这一生 从来没为自己活过,5823301294,1,2023/1/1 0:29
为斩首而生的头颅,339038542,0,2,0,100,好好学习,“天黑我就回去啦，不会迷路的。”如果有下辈子，我就不做大家闺秀，不为家族而活了，跟你一起看烟火啊。,5823294623,7,2023/1/1 0:25
安雅静谧2022,6397870275,0,1,360000,360400,,反复循环听这首歌200次了[强][强][强],5822746722,3,2022/12/31 12:26
Iridescentlight,375956263,0,1,410000,411300,,我真的好喜欢这个作词和编曲[多多比耶],5822630490,7,2022/12/31 9:56
光未昭然,3413088960,0,0,430000,430600,,献给呼啸山庄的大小凯瑟琳。献给手持桃花扇的李香君。献给杨玉环、西施、太平公主，和历史上所有的“祸水红颜”。,5820952739,6,2022/12/29 10:58
梦幻星云melody,4897432634,18,2,310000,310101,,把岁月的沧桑，融进歌声里单曲循环????,5815628898,3,2022/12/25 18:07
秋月晓星辰,476099234,0,0,500000,500101,人对爱和永远 应该有幻觉,琉璃是无论听多少遍都会带给我力量的歌，这首歌意境真的很超拔啊[爱心][爱心][爱心][多多大哭][多多大哭][多多大哭],5815230228,10,2022/12/22 15:08
小星小心小幸,1711489529,0,1,520000,520100,,我也是这么理解的，写给内心深处那个大胆放纵的灵魂。,5812765174,3,2022/12/19 16:11
天喨以逅,544162856,30,1,510000,510100,零度。空间璧 一梦入混沌 烟火撞星辰,她的名字和琉璃谐音，送了她一张cd，她应该也没想起听过,5812744254,5,2022/12/19 15:37
秋风吹酥眠,1549374421,18,2,410000,410100,,好喜欢那句自在随心～,5812149604,1,2022/12/18 16:48
懒羊羊的便便,1732576905,17,2,370000,370900,天空黑暗到一定程度，星辰就会熠熠生辉?,yes,5811929791,0,2022/12/18 9:22
洛娅小盆友吖,1739784493,0,2,1000000,1002000,“我试着用月光酿了一壶酒，旁人却都笑我痴。”,银临大大的每首歌歌词都好美～,5811724594,2,2022/12/17 22:26
乂肀夂,1824914947,18,2,330000,330300,……想死,词真的好有意境,5811541748,1,2022/12/17 17:29
何许梦澜,4912897633,33,1,510000,510900,,同感,5811484245,0,2022/12/17 15:49
呆子-小木头,2084580089,0,0,0,100,,考试加油！,5810828874,0,2022/12/16 15:37
秋水无痕,234131,35,1,510000,510100,异次临倾 步步唯银,封面好美,5810237911,0,2022/12/15 16:53
十里長街走馬v,1705425832,20,2,410000,410700,,玩蛋仔派对那个地图的时候一下就听出来了是银临的声音，配上那个地图的景色，好棒，玩完就立马来搜了[多多大笑],5809955296,6,2022/12/15 1:55
妈妈说名字起的长傻的人就跟着念,1725150320,0,0,1000000,1010000,一个哈哈哈的人,蛋仔来的，好听好听,5809207132,5,2022/12/13 23:48
松墨入茶香,1319540123,0,2,0,100,花间一壶酒,奔赴大无畏梦境[流泪],5808883319,0,2022/12/13 14:16
手握镜头一摇摇得一手好地震,1451265386,28,0,460000,469005,,好听,5808482739,1,2022/12/12 20:42
苒缱,293834204,23,2,430000,431000,没有不可治愈的伤痛，没有不可结束的沉沦，所有失去的，都会以另一种方式归来。,好听好听[憨笑],5807949641,2,2022/12/11 23:29
那年潇潇雨,573124514,0,2,0,100,我已经变了，但也来不及了,封面好美啊,5806336541,2,2022/12/9 20:43
NafGnahz,38474348,0,0,0,100,,这首歌调成1.25倍速更有感觉。,5806329110,0,2022/12/9 20:29
熙熙鱼小陈_,34158584,30,2,320000,320100,,别气馁！继续考呀,5805111567,0,2022/12/8 10:50
可可西里麓,503959588,0,0,350000,350600,,这个前奏我好喜欢,5804356236,0,2022/12/7 11:51
阿涵456,4889913565,14,2,150000,150100,懒,这首歌太高级了，好喜欢~[色][色][色],5804272409,5,2022/12/7 7:46
云遥Rachel,1773303393,24,1,330000,330100,,当然，目前听了578遍,5803577840,1,2022/12/6 2:01
归来花与酒,395156506,18,1,420000,429004,,此刻人们还没意识到这首歌价值,5803262666,22,2022/12/5 17:58
-任小粟-,1463937913,20,1,420000,420100,不能善始，必无善终。,666,5803067810,0,2022/12/5 10:25
常凯申18871031,5197774429,0,1,330000,330200,攘外必先安内,这首歌让我想起73年前秣陵城的那个初夏夜，榴花觑见红旗与白日的那幕相遇,5802811512,9,2022/12/4 21:54
浮山生,1539485349,17,1,330000,330100,若有知音见采，不辞遍唱阳春,很久没听了，但是重听的时候还是清楚地记得“云山晚籁”处有两个古琴的滑音很有感觉，清和而超逸。,5802185382,7,2022/12/3 22:42
Hahhhbsay,644797650,0,2,0,100,,商连真的好牛逼,5802180533,2,2022/12/3 22:37
XXXSNAKEHORSEKUI,337188010,28,1,440000,440300,,汕头南澳大桥来的 有没有一样的[可爱][可爱],5801527395,1,2022/12/2 23:00
正版清叙,578804343,0,0,0,100,,应该和范蠡没有关系吧，西施之前和范蠡好像并不认识，是越国战败后，越王被俘，然后范蠡为了赎回越王，下到民间寻找美女，连同财宝等一并送与吴王。,5800568790,5,2022/12/1 12:54
人没了音乐怎么活,1660832704,0,0,0,100,音乐是生命之光！！！！！,呜呜。真好听。,5799000403,7,2022/11/29 8:53
知遇森林,1973175285,0,0,0,100,哈哈哈哈哈哈哈哈哈哈哈哈哈哈哈哈哈哈哈哈哈哈哈哈哈哈哈哈哈,两年多了，好快,5798907338,10,2022/11/29 0:59
柔也字子宽,73630057,24,1,410000,410200,Fino Alla Fine,偏这世界要哭笑静默，爱欲屏息，我怎能归去？,5796672024,0,2022/11/25 23:39
子夜帆歌,377989442,0,0,0,100,何以飘零去，何以少团栾。何以别离久，何以不得安。,这首歌真的是太太太太高了！,5796625818,6,2022/11/25 22:44
知子妤归,4895971599,0,0,370000,370600,,琉璃易碎，彩云易散,5795969393,1,2022/11/24 22:39
孔雀东南去,3958791024,22,2,230000,230100,饮花的热血，黑与白毫无差别。,一转眼琉璃已经发行两年多了，我总有那么一瞬恍惚，似是回到了三专刚出的那段日子，初听琉璃时的惊艳，期待四专,5795331715,25,2022/11/23 21:11
爱银临的小博,1683505325,20,1,610000,610500,非著名up主/老dd了（谁知道我到底单推了多少小姐姐）/三年古风萌新/全平台同名 商务请联系：drliu_1229@qq.com 还有一个备用邮箱：13289273276@163.com,是个文化人了[多多耍酷][多多耍酷][多多耍酷],5794926934,0,2022/11/23 2:55
爱银临的小博,1683505325,20,1,610000,610500,非著名up主/老dd了（谁知道我到底单推了多少小姐姐）/三年古风萌新/全平台同名 商务请联系：drliu_1229@qq.com 还有一个备用邮箱：13289273276@163.com,这首歌真的好听飞了！我吹爆！！！！[西西心动][西西心动][西西心动],5794926047,2,2022/11/23 2:48
葳蕤惟微,1742544804,0,2,0,100,听鸿毛入水  沧海自起飞尘,当宫阙 成丘墟 谁人觅得斑驳诗句,5794751895,0,2022/11/22 21:57
木有东南枝丶,1415460225,0,0,0,100,,拿的阮音音[流泪][流泪]我都快哭死了 家国之间音音选择了国,5794244900,1,2022/11/22 0:04
WeekendOTO,343134311,22,2,0,100,朗朗如明月之入怀,灰原穷yyds！,5794228800,0,2022/11/21 23:47
言西早家的seaside,3936793867,22,1,430000,430100,,正解[多多大笑],5793662442,0,2022/11/21 0:26
#NAME?,545941742,0,2,0,100,我与神明画押  赌你心动一霎,我的阿准，下一世，我们白头偕老可好,5793184561,0,2022/11/20 11:33
_言_叶,1418707554,0,2,360000,360100,,对对对，是这样的。无关世人褒或贬，无关自由或羁绊，只有纯粹执着，鲜活昳丽！,5792733166,0,2022/11/19 19:27
言西早家的seaside,3936793867,22,1,430000,430100,,我觉得琉璃更偏向写给自己用于自励的，更简短的说，我读出的是有大格局观、不偏激的女性力量,5792338378,0,2022/11/19 1:21
月眠君,1827661056,0,0,150000,150200,,月亮坠入 盛大的 又荒诞 的梦境。,5791704128,5,2022/11/18 0:51
是谁的狐狸先生,1917259825,33,0,440000,440200,,哭了?,5791657076,0,2022/11/17 23:51
姜宝_yy,1495544285,0,2,0,100,,你是谁,5791477123,1,2022/11/17 19:30
夏染年,1549434919,23,2,110000,110101,,什么故事啊？,5791200456,0,2022/11/17 13:09
迎黎嗜夜,1488341172,0,2,0,100,坦然以对，open to life～,[多多耍酷]）,5790988944,0,2022/11/17 0:16
墩墩大鹅,1789221494,0,2,0,100,,我是陆准！！啊啊啊啊！哭疯了,5790322981,1,2022/11/15 23:21
greatsdg,568958091,21,1,350000,350500,,爱，信，等了[流泪],5789154383,1,2022/11/14 1:15
玉枕寒,256005621,30,2,370000,370100,懒人一枚。,琉璃，流离。很美很悲的意境，但是就很喜欢这首歌,5788951825,1,2022/11/13 20:57
凉夜斟来月色霜,1404841483,23,1,320000,320300,q3222922855接词,细说哭,5788935057,0,2022/11/13 20:37
凉夜斟来月色霜,1404841483,23,1,320000,320300,q3222922855接词,平生无从再遇——人不能两次踏入同一条河流,5788933909,2,2022/11/13 20:36
kgcfi,3899489635,0,2,440000,440100,心向远方自明朗.,好耳熟的一首歌,5788515415,0,2022/11/13 8:01
槿夜梦瑞年,1682307385,0,1,320000,320100,,可惜了，这辈子我天赋太差,5788145934,0,2022/11/12 18:53
凉雨热雪,100295515,0,1,230000,230200,你只看见滂沱大雨，却没看到她在雨中的满脸泪痕。,提起来就来气。灰原穷，放学别走[怒]（[可爱]）,5788059347,0,2022/11/12 16:22
云弋_21,1965882985,18,2,320000,320500,心有所念，皆成因缘万千山河远，皆入云川中,两年了。。。,5788001888,1,2022/11/12 14:42
辣椒LCB,325283063,0,0,440000,441800,,是的，完结撒花了捏,5787413609,1,2022/11/11 17:39
风绝云息,3340355386,0,0,340000,341000,,歌词很美,5787165015,0,2022/11/11 9:13
怎么还是好困,1387093187,22,1,440000,440100,喜欢民谣 古风 纯音乐 说唱,这首很绝,5787014262,0,2022/11/10 23:56
淮竹生,3575922825,0,2,430000,430500,,月亮啊,5786861911,0,2022/11/10 20:15
JLY3012345,1669995605,0,0,310000,310101,,我觉得是纵使天真嶙峋，哭笑静穆，也要做琉璃般清澈的自己[多多大笑],5786590914,1,2022/11/10 10:17
分享冷门优质曲,323729297,0,0,130000,130500,,倾尽天下是第一吗？,5785535690,1,2022/11/8 16:48
智子二号_015,84633700,21,2,230000,230100,,“枯荣云泥过眼事，灯火钟磬自随心。”这句好喜欢[强],5784849115,2,2022/11/7 15:58
晚风_爱意_琉璃,3859964963,0,1,0,100,伸出手就能触及，那温暖的未来。,何时能如琉璃,5784123151,0,2022/11/6 14:19
意已去,2060942794,22,2,370000,371000,南风知我意，吹梦到西洲,这首歌这么好听为什么热度不高！！！,5783929520,14,2022/11/6 8:04
水易-_,5187508822,18,1,310000,310101,这青苔碧瓦堆，俺曾睡风流觉。,“心火怎甘心扬汤止沸。”确实是一样的哦,5783459812,0,2022/11/5 16:08
晓看天色暮看云______,3231302064,0,2,440000,441200,,让我感觉最刀的是，哥哥最后一刻想的也是阮音音，虽然全员be，但是阮音音属于比较幸运那一个,5782986101,1,2022/11/4 22:21
笨蛋小小临,3397946174,0,2,430000,430400,,剔透的 寂静的 无所再遇的你,5782583336,1,2022/11/4 9:44
度度都督,494134021,26,1,210000,210200,在社杂和社恐之间横跳 2022完播 2023待定群254972509欢迎来玩 （群名 度度都督的云村分村）聊聊天 穷开心不保证你们发出的每句话每个梗我都能接到但我会尽我所能 让你觉得不算浪费时间金鳞岂是池中物，一遇风云便化龙！ 务必理性消费 未成年禁?,一生奔赴一场大无畏梦境～临砸梦里见～呐,5781785199,1,2022/11/2 23:47
风月顽冥,2140711853,0,2,0,100,crush.,夏天又是一段回忆,5779606809,5,2022/10/30 22:13
-清秋雪-,1842496446,20,2,330000,330100,听说有人孤负黑夜，偏要点亮人间的月,两年了,5779491076,0,2022/10/30 19:17
合欢_xA9h,3989088543,17,2,150000,150400,我有狼一样的野心！所以你要小心了,[小红花][云比心][云比心],5779363952,0,2022/10/30 15:15
鸣珂Rachel,4990792968,0,1,0,100,,好听！,5779164067,0,2022/10/30 8:39
嗅毕墨香意难平,1999156435,0,0,320000,320600,,说唱部分好像SHE的感觉,5779126186,0,2022/10/30 3:45
greatsdg,568958091,21,1,350000,350500,,你也是波波派夏韭菜嘛？[流感],5778668935,0,2022/10/29 14:11
洛遥很遥,5129459392,14,2,310000,310101,洛无遥 做自己的天自己的地自己的小甜心(●'?'●)孤身一人闯江湖,....牵....牵丝戏？？是我耳朵的问题吗！中间 虽然牵丝戏也是临子唱哒,5778592634,0,2022/10/29 11:44
凉雨热雪,100295515,0,1,230000,230200,你只看见滂沱大雨，却没看到她在雨中的满脸泪痕。,灰原穷，放学别走   [狗],5778540700,0,2022/10/29 9:59
温壶酒温兄,507702078,0,1,0,100,ここ全部俺の場所，这里全都是属于我的领地，縛るのなんて不可能，想要束缚住我们简直是痴心妄想，走れ 走れ 走れ 走れ，奔跑吧 奔跑吧 付诸全力奔跑吧。,“一生奔赴一场大无畏梦境。”,5778313887,1,2022/10/28 22:59
温壶酒温兄,507702078,0,1,0,100,ここ全部俺の場所，这里全都是属于我的领地，縛るのなんて不可能，想要束缚住我们简直是痴心妄想，走れ 走れ 走れ 走れ，奔跑吧 奔跑吧 付诸全力奔跑吧。,哇，这首好绝啊?,5778316086,0,2022/10/28 22:48
风泉泠泠,1408492010,1,2,210000,210200,要一百个春天身死，蝴蝶才会忘却相思。,临子唱过很多电影插曲了hhh其实很火的,5778182488,0,2022/10/28 19:31
嗅毕墨香意难平,1999156435,0,0,320000,320600,,太高了 唱不上去,5778134849,0,2022/10/28 18:04
嗅毕墨香意难平,1999156435,0,0,320000,320600,,脑袋嗡嗡的,5777476429,0,2022/10/27 16:53
你好Yao先森,1700310454,20,1,420000,420100,,玩的白子琛，就很痛心,5777257621,1,2022/10/27 3:30
辣椒LCB,325283063,0,0,440000,441800,,晚安，k9,5776453304,1,2022/10/26 0:08
泽野小林是真爱,76399426,0,1,0,100,请不要随便关注本人，不然导致怀孕不负责,听了歌，了解了背后的人和故事，身为学渣的我好惭愧呀！,5776467448,0,2022/10/25 23:48
泽野小林是真爱,76399426,0,1,0,100,请不要随便关注本人，不然导致怀孕不负责,太对味了，这调调请问是经典的4536251编的吗,5776019122,0,2022/10/25 11:29
爱银临的小博,1683505325,20,1,610000,610500,非著名up主/老dd了（谁知道我到底单推了多少小姐姐）/三年古风萌新/全平台同名 商务请联系：drliu_1229@qq.com 还有一个备用邮箱：13289273276@163.com,回来打卡啦~原来我也有过这么奇妙的回忆呢~[憨笑][憨笑],5775348459,1,2022/10/24 2:56
陈渡丶,1511625933,0,0,610000,610700,相逢胜白头,“你多荒诞不经，多鲜活，多昳丽”,5774691678,1,2022/10/23 4:24
-涂山容容-,312804550,0,2,450000,451100,初见之时，恍如隔世！,其实我想看陆准视角的，就是我玩的那局，拿到陆准本子的有一局表现得特别讨厌我和针对我，委屈死了[流泪],5774486179,0,2022/10/22 21:20
水底燕,133566594,0,1,610000,610500,,银临竟然说唱了？！！激动的我手机都掉地上了。,5774130607,2,2022/10/22 10:12
dogwoofwoof,6309116862,17,0,370000,370900,,桃李春风，浊酒与谁共饮？,5771991327,0,2022/10/20 21:13
是酥酥呐_7VUb,3236750208,22,2,0,100,放过自己吧,想不想二刷呀，我想二刷,5771426983,0,2022/10/19 20:36
-涂山容容-,312804550,0,2,450000,451100,初见之时，恍如隔世！,我也玩的洛千盈，给我玩哭了?,5771425746,0,2022/10/19 20:33
是酥酥呐_7VUb,3236750208,22,2,0,100,放过自己吧,对啊，她也是身不由己啊,5771419995,0,2022/10/19 20:25
-涂山容容-,312804550,0,2,450000,451100,初见之时，恍如隔世！,洛千盈一生不负家不负国，只负了那个满眼是她的少年[流泪],5771407968,1,2022/10/19 20:04
周木不杨,2135249960,22,1,360000,360100,一人一生一条路,2022，两年了，有人和我一样还喜欢着琉璃嘛,5771405025,8,2022/10/19 19:58
Saladdayswetuhbhf,7982990566,0,0,0,100,,好喜欢[爱心][爱心][爱心][爱心][爱心][爱心],5771144295,1,2022/10/19 9:09
sleepingadaxu,1742124551,14,2,320000,320100,,最喜欢这句了,5770874103,1,2022/10/18 20:38
山深杏,1427154091,0,2,450000,450300,别怕我一直在心情不好就听最好一个歌单哦我永远在,是的,5770238847,1,2022/10/17 18:34
是酥酥呐_7VUb,3236750208,22,2,0,100,放过自己吧,真希望有个人可以写一个happy ending给陆准和洛千盈,5769228890,3,2022/10/16 0:07
是酥酥呐_7VUb,3236750208,22,2,0,100,放过自己吧,可是最后最爱自己的哥哥和陆准都死在自己眼前，她该有多痛心呀，她也是一个爱吃糖果，爱出去玩的女生,5769227474,4,2022/10/16 0:06
是酥酥呐_7VUb,3236750208,22,2,0,100,放过自己吧,在花灯节那天，陆准说是溜出来的，千盈为了他不被骂便让他回去不用陪自己，陆准因为白子琛坠马事件进了牢里，千盈为了救她出来只能害了自己最好的姐妹阮音音，千盈也想追求自己心里所爱，可是为了家族却不能做出什么，她对于洛家来说就是一枚棋子，她明明可以无忧无虑长大的,5769226123,5,2022/10/16 0:04
是酥酥呐_7VUb,3236750208,22,2,0,100,放过自己吧,玩完《星河散尽故人来》来的，洛千盈真的蛮可怜的，喜欢陆准确因为各种原因不能表露出来，以至于最后亲眼目睹陆准死在自己面前，还在每年都去陆准的墓碑前陪他，“你放心，天黑我就回去了，不会迷路了”，虽然在陆准看来洛千盈做的每件事都是喜欢白子和，但是千盈一直都带着那面铜镜,5769221978,21,2022/10/16 0:00
呀-吼吼吼,1721189003,0,2,0,100,好好睡一觉，就是人生的重启方式呀,今天心情不好 也不是今天 也不是心情不好 是我不好,5768097035,0,2022/10/14 9:01
yemaolvzi,8034552464,0,0,330000,330100,,不好听,5767048211,0,2022/10/12 16:51
美好正趣果上果,402262860,0,2,0,100,若有知己共桥上 不枉此行度余生,一生奔赴一场大无畏梦境，世人惊艳或艳羡着你……,5766269736,1,2022/10/11 21:04
是圆圆的人呀,7951323219,0,1,450000,450200,,很大气的歌,5766181604,0,2022/10/11 18:10
无意冒犯free莫非你也爱喝舒化奶,3904596380,0,0,430000,430600,,陆容轩，愿您半生出走，归来认识少年[多多大哭],5765280109,5,2022/10/9 23:28
梦游零酱,333489510,23,1,510000,510500,,太厉害了,5764400931,1,2022/10/8 12:45
甜歌主唱,1436660091,0,0,0,100,,碎金片羽 随你梦入小小蓬瀛,5762601446,3,2022/10/5 18:44
一只不快乐的指针,6324229770,0,2,370000,370200,今天也是写作业的一天呢。,抱抱,5762430516,0,2022/10/5 13:24
契茶去_,96565977,0,2,0,100,理想为食，美梦是春,刚好在迷茫期重新听这首最意气风发的时候经常听的歌,5762171314,4,2022/10/5 0:10
梭罗不在湖边_,1801030978,0,2,0,100,夜暗方显万颗星，灯明始见一缕尘,“是不是陷阱不重要，重要的是让她知道我去了”,5762139179,7,2022/10/4 23:33
OhPiedPiperZoey06,1505602078,23,2,330000,330100,,有种身处旷野大自然之感，b站看了 幽灵公主的剪辑美美的来了,5761891613,0,2022/10/4 17:40
乂肀夂,1824914947,18,2,330000,330300,……想死,想起三年前了,5760923811,0,2022/10/3 8:03
小牛又胖了,1418058950,21,2,130000,130100,神秘世界,555，我也玩的千盈,5760900936,0,2022/10/3 5:02
星星和草莓味曲奇,405648965,0,2,430000,430100,,前两年读桃花扇的时候在耳机循环播放的bgm?现在一听剧情马上在脑子里了,5760846695,0,2022/10/3 1:16
季元泱,3224465072,22,2,1000000,1010000,盛夏一光年，长忆勿相忘。,天地无垠，自在随心~,5759722562,2,2022/10/1 16:11
Thehistory_,1502183146,0,2,510000,510100,,汉服爱好者和小银子表示，联名是有点点迷哈，不过我都很爱,5759534108,0,2022/10/1 10:26
轩轩轩呢,358929299,32,1,110000,110109,,我是蠡县的,5759254691,1,2022/9/30 22:17
浪漫有归期yu,1815722033,18,2,440000,440500,民谣有三 梦想 爱情 远方 听者有三 孤独 平庸 落魄,谢谢！！,5758940987,0,2022/9/30 11:28
血染妖刀万骨枯,1370824009,24,2,410000,411100,或有一日，眸间再无阴翳，而遇尘世闲居，得其一人挚诚，三生有幸。,我终于知道我为什么这么喜欢这首歌了,5758401978,3,2022/9/29 11:08
6月蝉,1594160137,0,0,0,100,道非道 非常道,百变大侦探中的线上剧本杀 名字“星河散尽故人来”,5757268548,1,2022/9/27 10:02
6月蝉,1594160137,0,0,0,100,道非道 非常道,刚玩完星河散尽故人来 他最后推荐洛千盈和陆准听这首歌 我觉得真的很悲惨 很难受 “无悲 不悔 无怨”那宫殿城墙让人窒息 最后选择了离开 来到你的墓碑前“你放心 我会在天黑前回去 不会迷路了”陆准 下一世你还能认出我吗……,5757213178,32,2022/9/27 5:33
彼川有云,1620107833,19,2,310000,310101,星河寄人间，温酒盗华年,像孤舟巡游不为逝水追惜,5753354233,6,2022/9/27 5:12
迟早宝宝,3969509783,15,2,610000,610100,NANJING,耳边厮磨一生吧！长顾大法好！,5756539381,2,2022/9/25 22:59
钟寻意,1746045326,0,0,0,100,“人们把难言的爱都埋入土壤里。”,给我一种无形的宿命感,5756300589,1,2022/9/25 15:53
YanSu就是颜酥,286100919,0,1,0,100,许是江湖无尽头，便存龙与少年游。,哪里可以看见创作背景呀？！,5754939937,1,2022/9/23 15:38
怒嚼炫迈,445165624,0,1,1000000,1010000,,这首真的好听！,5754889659,1,2022/9/23 13:26
贫书,554789715,0,0,440000,445200,,我们能坚持到什么时候呢，五年后能牵到你的手吗。,5754873890,0,2022/9/23 12:47
烧煤油的小笼包,572377197,19,1,110000,110101,心在甲烷中炽烈，一盏蓝焰冬已竭,昨天921,5754521384,0,2022/9/22 21:20
叭月噗枣,275262745,22,2,330000,330500,(??ω?)?嘿,[流泪][流泪][爱心][爱心][爱心],5754482226,0,2022/9/22 20:13
猪大保姆,397214310,0,0,330000,330100,,超敏感人群·····感性方面拉满,5753877063,0,2022/9/21 17:23
货架堆满星星,1404981311,0,0,610000,610700,,一生奔赴一场大无畏梦境世人轻慢或艳羡着你像青鸟振翼 越过荒原冻雨在金碧枷锁 在无垠天地诉尽爱语你会不会在一个突然的时间笑意盈盈的出现在我面前，好想你啊。,5753812709,1,2022/9/21 14:04
Aiyi_2024,398380407,1,2,500000,500101,奔赴一场大无畏梦境～,琉璃[星星],5753192900,0,2022/9/20 15:25
晴昼秋岚入我襟怀,5106719090,18,1,420000,421000,一生奔赴一场大无畏梦境,临临的歌真的好听[爱心][爱心][爱心],5751472678,6,2022/9/18 0:50
卷尘烟,1386481406,0,1,610000,610100,碌之一字何以庸，愁之一字何以闲.,什么叫浪漫？尽管这世界繁荣表象的阴暗处腐烂生疮，当你看清生活的真相，仍然愿意怀抱希望和热爱，仍然愿意相信善恶有报。看世事无常沧桑变化，而你澄澈如初.,5750619392,25,2022/9/16 19:38
VegaBunny,131117257,0,2,0,100,请由我引吭高歌 面迎啊海上风。在世界之外 在时间之中 无问西东。,呜呜呜你好温柔[爱心],5749069090,0,2022/9/14 9:00
猪大保姆,397214310,0,0,330000,330100,,作者超敏感人群····不然创作不出这么能打动人心的歌,5748538486,0,2022/9/13 9:32
浪漫有归期yu,1815722033,18,2,440000,440500,民谣有三 梦想 爱情 远方 听者有三 孤独 平庸 落魄,这是什么书,5747353619,0,2022/9/11 13:33
呼呼不在睡,574895057,0,0,0,100,,好好听[幽灵],5744934716,2,2022/9/7 22:12
那个竹取,552739711,21,2,330000,330600,世间的温暖无非雪夜围火炉又或雨夜茶一壶,陆准，或许是我的固执，这本我刷了九遍。未遇见一个能让我真正看见你的人。我意难平，容轩,5743700266,5,2022/9/6 6:40
一起吃遍第二份半价,1484543931,0,2,130000,130300,,再见啦，我的小琉璃，那个夏天出现在我生命力的小橘猫，希望你已经投胎了一只好“猫”家，不要再做小流浪啦。,5743448859,7,2022/9/5 19:53
度度都督,494134021,26,1,210000,210200,在社杂和社恐之间横跳 2022完播 2023待定群254972509欢迎来玩 （群名 度度都督的云村分村）聊聊天 穷开心不保证你们发出的每句话每个梗我都能接到但我会尽我所能 让你觉得不算浪费时间金鳞岂是池中物，一遇风云便化龙！ 务必理性消费 未成年禁?,又是吹爆琉璃吹爆临姐的亿天[多多可怜],5742863664,0,2022/9/4 18:54
度度都督,494134021,26,1,210000,210200,在社杂和社恐之间横跳 2022完播 2023待定群254972509欢迎来玩 （群名 度度都督的云村分村）聊聊天 穷开心不保证你们发出的每句话每个梗我都能接到但我会尽我所能 让你觉得不算浪费时间金鳞岂是池中物，一遇风云便化龙！ 务必理性消费 未成年禁?,?祝早日上岸成硕！,5742865306,0,2022/9/4 18:53
是希星呀,1442272891,20,2,510000,510100,,陆准，我不知道的是当年灯会我回家的时候其实你一直跟在我身后，如果我前半生能为自己活一回该多好，可是我们每次相遇的时间都不好，先是你负我去充军，再是我救被困狱中的你，迫使嫁为人妻，你说你愿以命护我，其实我最后多么不希望你说过这句话，下次灯会你能再背我一次吗…,5742507771,5,2022/9/4 6:26
是希星呀,1442272891,20,2,510000,510100,,陆准，我不知道的是当年灯会我回家的时候其实你一直跟在我身后，如果我前半生能为自己活一回该多好，可是我们每次相遇的时间都不好，先是你负我去充军，再是我救被困狱中的你，迫使嫁为人妻，你说你愿以命护我，其实我最后多么不希望你说过这句话，放心吧，下次灯会你能再背我一次吗…,5742506839,9,2022/9/4 6:25
是希星呀,1442272891,20,2,510000,510100,,陆准，我不知道的是当年灯会我回家的时候其实你一直跟在我身后，如果我前半生能为自己活一回该多好，可是我们每次相遇的时间都不好，先是你负我去充军，再是我救你被困狱中，被迫嫁为人妻，你说你愿以命护我，其实我最后多么不希望你说过这几句，放心吧，下次灯会你能再背我一次吗…,5742505984,6,2022/9/4 6:23
s1mple国王,101285508,24,0,440000,441300,,艺术性和听感都是巅峰级别的制作,5742430233,0,2022/9/4 0:38
yypwpooq,6318566083,15,1,410000,410100,,草这男主真老惨了，十世都死于女主剑下[流泪],5742216687,1,2022/9/3 19:45
sleepingadaxu,1742124551,14,2,320000,320100,,祝99！,5742208784,0,2022/9/3 19:24
离殇羽忆,1623375610,0,2,340000,340800,,考研昏昏欲睡的我一听到这首歌，瞬间清醒，动力满满！,5740900114,7,2022/9/1 18:32
柳南尘,535036468,0,2,0,100,遇事不决可问春风，春风不语即随本心,我怎么觉得这首歌有一段很像梦幻西游的主题曲 为爱追寻,5740331210,1,2022/8/31 20:11
子雨轻风,1328052583,0,0,330000,330100,,今世的事就今世做完 拖延症没有好下场,5740269352,5,2022/8/31 18:07
子雨轻风,1328052583,0,0,330000,330100,,但是你可以成为有瑕之月,5740267606,0,2022/8/31 18:06
子雨轻风,1328052583,0,0,330000,330100,,不可能的,5740269019,0,2022/8/31 18:05
这勾八世界给爷原地爆炸,3316609851,0,0,420000,420100,,可能你比较偏好古风吧哈哈哈，所以可以试试专辑里的几首古风,5740192057,0,2022/8/31 15:21
一个达不溜溜球,434309193,0,2,0,100,城市人潮拥挤，你不要走丢了自己。,温柔而又有力量,5739626719,0,2022/8/31 0:01
落落220512,7852840732,0,2,150000,150100,,用假音或者混音,5739091793,0,2022/8/30 7:46
山上的树长桃子,3582215673,17,2,210000,210700,桃子桃子桃子,一生奔赴一场大无畏梦境,5737580992,2,2022/8/28 7:33
陶庵梦忆序,1531737270,20,2,0,100,所幸国人诗兴未死,像青鸟振翼 越过荒原冻雨。,5737538208,5,2022/8/28 2:44
故箬如叶,1369348167,0,0,0,100,,我们的故事，从此开始，后来匆忙结束。当初以为格外特别，后来发现不过如此。,5737146196,1,2022/8/27 17:03
用户3320246601,3320246601,0,0,110000,110101,,想到了苏轼，和他的赤壁赋,5737121103,3,2022/8/27 16:21
这勾八世界给爷原地爆炸,3316609851,0,0,420000,420100,,好像在和声里听到了穷叔的声音……,5735303216,3,2022/8/25 1:21
怎么就是抓不到知了呢,3885836065,16,2,370000,371500,,22年了，还是很喜欢( ﹡?o?﹡ ),5734710670,0,2022/8/24 13:01
山海无寐,1901374640,23,1,1000000,1002400,,已经1w+了,5734659075,0,2022/8/24 11:37
尽头是荒芜,634396645,0,1,0,100,,从刚出到现在一直在听，买了专辑，真的好爱，一生奔赴一场大无畏梦境！冲！！！！,5734050592,2,2022/8/23 20:52
黄金忙内_tjg,1506506689,0,2,340000,340100,,‘′v,5733624728,0,2022/8/23 8:02
_冷酷马,122702872,29,2,610000,610100,,?老刘分享的第245首。,5733510411,0,2022/8/23 0:22
听雨_轻落,7910884399,23,1,310000,310101,清风过往无人晓，明月映照万户知。,其实找到这首歌主要是因为他的名字，琉璃，曾是我的微信名……,5733381863,1,2022/8/22 21:49
云弋_21,1965882985,18,2,320000,320500,心有所念，皆成因缘万千山河远，皆入云川中,爱意丰盈而燃烧不竭，梦境未知而大无畏。月亮坠落，远山云岚，秋水空濛，孤舟巡游，遥渡河星。无论你我，皆如琉璃，如歌如诗,5733229217,3,2022/8/22 18:07
万山载雪渡月光-,1782947476,0,2,0,100,xD,觉得不好听的应该是和专业（？）唱那种很快的偏炫酷的rap相比吧（不听那种rap不会形容orz）,5733057908,1,2022/8/22 13:06
鲁朗东巴才,1301440543,0,0,0,100,海拔4300m,一生奔赴一场大无畏梦境……你找回你的月亮了吗？,5732407674,1,2022/8/21 14:46
酒揽星,1505764084,0,2,0,100,星宇无边无际，我们根本不值一提，要如何做才能与星相拥？抑或只能抬头，与那漫天灿灿星河遥遥相望？,临渊羡鱼，不如退而拥你。[星星],5731342816,1,2022/8/20 0:30
山海无寐,1901374640,23,1,1000000,1002400,,青山揽梦,5730431681,0,2022/8/18 21:43
山海无寐,1901374640,23,1,1000000,1002400,,我觉得三专基本上都是写给自己的歌,5730426895,2,2022/8/18 21:34
小银子的调音手,81218311,28,1,430000,430500,梦实现了,我也送了我心里喜欢的女生一张我不敢奢求结果[汗],5728814420,2,2022/8/16 23:27
丶Amiya丶,403313611,20,1,230000,230100,言葉にできない想い,你们说的金木水火土是啥意思啊,5728648795,0,2022/8/16 19:46
子衿zzy30,3918035474,0,2,1000000,1000600,考研加油,希望在不远的大学生活中可以遇见一个可以托付的人,5728495289,2,2022/8/16 15:28
挑灯问意,1884090844,16,2,0,100,only fools do what I do,对！！！,5726889900,0,2022/8/14 9:31
祝长愉,1570223146,19,2,420000,420700,如果事与愿违，一定另有安排,原来已经两年了啊,5726301835,5,2022/8/13 13:27
超爱吃香菜n,4897428832,26,1,530000,532800,,我会用命护你一世周全。,5726097066,0,2022/8/13 5:22
乡乡爱吃西红柿-jjfjj,3976846370,33,2,0,100,暧昧不明,哦哦哦,5725857111,0,2022/8/12 21:29
樗栎林间是散人,514927725,0,0,0,100,to be…,高中的时候一位男生送了我实体专，但是我收下后就没认真看过认真听过。之后也有一直联系，大学的时候我鼓起勇气送他一瓶香水。但是前不久，他和我说他有女朋友了，今天偶然听到这首歌，去看了专辑的故事，谁能不感慨……我早就和你表过白了啊……（）,5725622362,36,2022/8/12 16:01
挑灯问意,1884090844,16,2,0,100,only fools do what I do,那段难熬孤独日子打动我的歌，特别喜欢里面的一句歌词：像青鸟振翼越过荒原冻雨……在无垠天地，诉尽爱语银临三大专辑的歌都超好听,5722387078,1,2022/8/11 15:54
挑灯问意,1884090844,16,2,0,100,only fools do what I do,真的太好听了！！！,5724696959,0,2022/8/11 15:34
理午,3246843853,17,1,330000,330100,你的梦是什么颜色,没想到两年了，当年感慨银临可能回不到巅峰了，两年过去了却依旧喜欢琉璃，只是觉得这一年银临的歌真的不吸引我，往年真的每年都有好哥吸引我，就比如去年听歌无人生还top1；虽说私人偏实验的 你是 ，但是唱出了内心的无尽愁绪，EP里面唯一喜欢的，其他感觉一般，好怀念当年的风花雪月我每一首都喜欢,5722952872,3,2022/8/9 11:21
理午,3246843853,17,1,330000,330100,你的梦是什么颜色,我觉得还行，我觉得就不是Rap（个人感觉，相当于过渡吧，如果强行Rap会很突兀，这个就比较好,5722948589,0,2022/8/9 11:16
小鱼干不恰小鱼干,58018232,27,2,1000000,1010000,愛是心字底下一声友。,“带我走吧，陆准。”,5721159708,1,2022/8/7 1:39
奈奈生y-,1718887575,0,2,320000,320100,,陆准哥哥,5721045018,2,2022/8/6 22:56
南落寒,1818685291,0,2,430000,430100,零露垂幽兰轻云落寒山飘然琴瑟语夜雨话清欢,难度不是忘记歌[流泪]我白听了,5720743698,0,2022/8/6 15:19
yzr1ha,629117018,0,1,370000,371300,好事多磨,看到你这评论也忍不住赞了,5720433647,0,2022/8/6 1:55
南落寒,1818685291,0,2,430000,430100,零露垂幽兰轻云落寒山飘然琴瑟语夜雨话清欢,很好听,5720327749,0,2022/8/5 23:26
烧煤油的小笼包,572377197,19,1,110000,110101,心在甲烷中炽烈，一盏蓝焰冬已竭,火箭也是金属构成的（无端联想）,5719485106,0,2022/8/4 23:30
门前大桥下游过一群鸭-嘎,3917725210,0,0,0,100,,[多多可怜],5719227009,0,2022/8/4 17:03
#NAME?,1309539709,0,2,0,100,爱有什么用,封面好好看 歌也好动人心弦,5718473216,2,2022/8/3 15:44
呆子-小木头,2084580089,0,0,0,100,,倾我一生一世念，来如飞花散似烟,5717896746,1,2022/8/2 17:48
Constantz,80073335,0,1,0,100,只是 我最后一个奢求的可能,说唱有点胖伦的感觉（不是比较），总之很棒的一首歌,5717867405,0,2022/8/2 17:03
桜的季節雪化风,469115791,26,0,320000,320400,耶~~~,啥呀这是[憨笑],5717811228,0,2022/8/2 15:19
不老梦不良人,1753216272,20,1,430000,430400,超世之才，不拔之志。,确实很好听哈哈,5717126427,3,2022/8/1 15:48
北溪喵_,569585506,21,2,320000,320100,提笔风云卷，拂袖天地开。,商连学姐！,5716912516,0,2022/8/1 9:34
凤凰今天和周晖生三胎了吗,5042858737,0,2,320000,320100,,哦哦，谢谢啊,5716487959,1,2022/7/31 17:18
凤凰今天和周晖生三胎了吗,5042858737,0,2,320000,320100,,我感觉很好玩，最好是三对情侣一起，不过闺蜜也可以，我是和室友一起玩的,5716488800,0,2022/7/31 17:18
有豫豫豫豫,1730380355,0,1,0,100,使岁月催人老但心不老能否拥有涅槃般大智慧求一段长生,你不是一个人,5716354450,1,2022/7/31 13:03
山山而川-_-ywj,1546462525,16,1,340000,340200,,和牵丝戏当然不能比啦[多多笑哭]是在和琉璃比的呀,5715023181,1,2022/7/29 15:50
山山而川-_-ywj,1546462525,16,1,340000,340200,,嗯这样的说法就很准确[多多调皮]毕竟银临的歌实在找不到能超过牵丝戏的歌啦[西西心动]，但也就是说个人感觉不老梦和这首琉璃，是差不多的都是属于所有作品里最最好听的那几首之一了,5715022233,1,2022/7/29 15:49
-南栩-,1410545687,31,1,360000,360700,,一首是现象级的古风圈代表作，一首是个人精品作，不能比的。,5715009177,0,2022/7/29 15:27
-南栩-,1410545687,31,1,360000,360700,,好听肯定是好听的啦，临姐出品、必属精品不是么??，但咱们得看哪首的份量在广大粉丝心中重一点啦，有一说一，量化一下的说法就是：三首不老梦同水平平的作品才能换来一首牵丝戏……个人看法哈[大哭],5715007986,0,2022/7/29 15:24
山山而川-_-ywj,1546462525,16,1,340000,340200,,我感觉不老梦也超级好听,5714999567,0,2022/7/29 15:12
白夜Alifo,3940516383,0,2,430000,430200,,最喜欢开头那句，给人一种难以形容的宁静感,5714358601,5,2022/7/28 20:56
studyhardforthedream,1401743455,0,1,0,100,,纪念《琉璃》单曲发布两周年！,5712608531,5,2022/7/26 16:56
书卷难记,1537459402,23,2,450000,450300,,周年打卡,5712486210,1,2022/7/26 13:25
水清风扬ZWC,96030580,0,1,0,100,古风翻唱居多，B站同名～,单曲发布两周年??,5712324722,9,2022/7/26 8:21
帐号已注销,7913221023,无,无,无,无,无,1,5712226673,0,2022/7/26 0:56
firstkalista,353027370,22,0,360000,361000,,2年了,5712186279,0,2022/7/26 0:04
阿晖有个不老梦,547311335,24,1,360000,360100,于万人中万幸得以相逢,自在随心～,5711741421,1,2022/7/25 13:45
烧煤油的小笼包,572377197,19,1,110000,110101,心在甲烷中炽烈，一盏蓝焰冬已竭,发射成功了，打个卡,5711177930,0,2022/7/24 18:13
烧煤油的小笼包,572377197,19,1,110000,110101,心在甲烷中炽烈，一盏蓝焰冬已竭,开始加注了，塔架下面冒烟了,5710833105,0,2022/7/24 6:33
Jill珈尔,434355682,0,2,320000,320500,,rap部分反而好适合七朵的舞蹈[亲亲],5710073544,0,2022/7/23 8:09
是憨啊,1591859212,21,2,0,100,,说的真好,5709078926,1,2022/7/22 3:40
羽沫酱,556420172,23,2,360000,360200,要简简单单，快快乐乐?,好玩吗,5708717236,0,2022/7/21 20:07
羽沫酱,556420172,23,2,360000,360200,要简简单单，快快乐乐?,文笔不错,5708713243,0,2022/7/21 20:06
_Passersby,1560889431,0,2,0,100,你的快乐 等同于我,一开始也觉得普通 后来越听越上头 我太喜欢这张了,5708625442,1,2022/7/21 18:48
_Passersby,1560889431,0,2,0,100,你的快乐 等同于我,琉璃迟迟终生成就西施江南白噪音记忘歌我都无敌喜欢谁懂[流泪][流泪]其实我也觉得三专被低估了，古风与流行的碰撞给了我莫大的惊喜，再也没有这样的代餐了,5708625951,3,2022/7/21 18:47
_Passersby,1560889431,0,2,0,100,你的快乐 等同于我,我好喜欢这句的调调！华丽又轻盈,5708620674,0,2022/7/21 18:40
懷影藏聲,317219301,24,1,110000,110101,青山绿水百年可退老养生,千百亿星辰在上，浮屠塔宝铎和鸣,5708473324,5,2022/7/21 14:56
VegaBunny,131117257,0,2,0,100,请由我引吭高歌 面迎啊海上风。在世界之外 在时间之中 无问西东。,曾经优秀过，不能接受自己在当前岗位的平庸。如果外界要求让自己没法自由，也一定要给自己留一方心灵净土，可以自在随心[流泪],5707957199,1,2022/7/20 21:00
broooooccoli_,3935471399,0,2,510000,510100,横扫生命，做回尸体,牵丝戏也是临子作曲啦，可能是习惯用自己熟悉的和弦,5707756052,0,2022/7/20 15:08
broooooccoli_,3935471399,0,2,510000,510100,横扫生命，做回尸体,建议你去看看b站博主郁夭夭的歌词解析，挺到位的,5707755049,0,2022/7/20 15:05
broooooccoli_,3935471399,0,2,510000,510100,横扫生命，做回尸体,牵丝戏副歌第一句跟这个也蛮像的[大哭]几个音重合或旋律走向相似太常见了,5707754889,0,2022/7/20 15:04
broooooccoli_,3935471399,0,2,510000,510100,横扫生命，做回尸体,就我一个人觉得rap很棒吗[呆]完全不尴尬，很好听啊,5707753005,29,2022/7/20 15:02
相爱罗刹海,1329906513,0,1,350000,350500,一直都在，藏藏我的故事。,太注重遣词造句。感觉不到太多歌手的情感。,5707102005,0,2022/7/19 15:13
萋落,509934109,18,2,430000,430600,人生如逆旅，我亦是行人。,这首歌真的很好听[流泪][流泪][流泪][流泪],5706846335,6,2022/7/19 2:07
慕日温柔_,1688275239,21,2,120000,120101,???? ???? ?? ???.,妈的 我又看了一遍 哭死我了 禹司凤 褚璇玑不配你爱 为什么这么虐呜呜呜呜呜呜呜 真想创亖那个帝君 让他们相守平安度过此生不好吗????,5706551497,3,2022/7/18 18:23
格意LC,1517620447,0,2,430000,433100,,喜欢这种多层次的古风,5706510681,1,2022/7/18 17:07
千雁长毓,2030879188,0,2,0,100,,锁死吧，别分开[色],5705514273,0,2022/7/17 2:14
小小演说家RS,607860090,23,1,320000,320100,,真的耶[多多大笑],5704202199,0,2022/7/15 9:57
夏尔XD,116715125,26,1,430000,430100,哦豁,祝你天天开心,5703827055,0,2022/7/14 19:16
1899年的残夏,4932293686,13,2,310000,310101,他是暗不下来的黄昏，也是亮不起来的黎明,@含笑醉梦乡，抱抱,5703789168,0,2022/7/14 18:10
雨疏海棠依旧,1571481225,24,0,460000,460100,一生已毕，十年已终,真的超厉害啊！！！！,5703343404,0,2022/7/13 22:44
broooooccoli_,3935471399,0,2,510000,510100,横扫生命，做回尸体,可能一生奔赴一场大无畏梦境和演离合相遇悲喜为谁旋律走向有一点点吧，但是挺扯的，我也不怎么觉得,5703073090,0,2022/7/13 16:38
林蓁Rachel,3583299358,0,0,430000,430100,这里林蓁，高三党，可以叫我阿蓁、蓁儿、小林、蓁蓁……本命银临Rachel，算是慕寒和黄诗扶的粉丝，墙头的话蛮多的，有Aki阿杰、不才、司南、云呆的哭、少司命、老干妈、小时姑娘超爱古风圈的神仙词作们！eg.慕清明、锦衣小盆友、择荇、商连、冉语优……常年闲收银临二专蚍蜉渡海、不才山川止行、黄诗扶一专人间不值得、二专卿卿与你。有意出的欢迎私聊~每个粉丝喜欢正主都会有自己的理由，我也会尊重，有任何争执是都是本着熄火的原则，但请不要触碰我的底线本命！,琉璃我愿称之为我永远的神！新国风加rap真的很绝！,5699836289,1,2022/7/13 11:45
是可馨儿呀,1763790771,23,2,420000,421100,,我的阿准是男孩子，所以我们在一起了,5702786827,0,2022/7/13 2:06
呆子-小木头,2084580089,0,0,0,100,,请越过荒原冻雨，见证不为形役，不被定义的自己,5701450594,10,2022/7/10 23:49
兮子Yorushika,7934658820,0,0,440000,445200,,“囿于银河，又困于晨星。”,5701093896,1,2022/7/10 13:19
冰激凌味的爆米花,1876129345,0,0,130000,130400,,抱抱,5700654064,0,2022/7/9 20:14
柳絮濛天,1493658651,23,2,440000,440300,,然后一直持续到九月中旬，招生简章上骤然减少的人数让我的梦也随枯萎的荷花凋谢了。我不得不降低标准转换了院校，当然也考上了。又一个夏天来了，池塘里的荷花又开了，我也毕业了，只是不知道那清香的莲花，田田的莲叶是否还记得我一年前曾追逐过的梦想。,5700592577,6,2022/7/9 18:13
柳絮濛天,1493658651,23,2,440000,440300,,对我来说这首歌可以带给我无数记忆。尤其是“秣陵城初夏夜榴花曾觑见这幕相遇”，去年的这个时候正是考研的关键期，我没有回家，在学校不舍昼夜地奋笔疾书备战着，对我来说这句词变成了“豫章城，盛夏夜，藕花曾觑见这幕相遇”，犹记得学校的北湖当时开满了荷花，它见证着我炽烈盛放的梦想。,5700591108,30,2022/7/9 18:08
仰望星空捡星星,2132663135,19,1,360000,360200,Begonia爱意随风起，风起意难平?,抱抱,5700272351,0,2022/7/9 3:07
koi猫咪不吃泡芙,5097741046,0,2,320000,320700,爱就是爱，就算因为时间的流逝下如火的热情变得平淡，但爱本身就不是新鲜感,好梦幻！,5699453267,2,2022/7/8 0:18
w絮絮,7913062993,0,2,0,100,,pp,5699285665,0,2022/7/7 20:11
月九yu,1325168890,19,2,420000,420300,为往圣而继绝学，为赴火而锻吾身,哇，真的哎,5698912122,0,2022/7/7 13:19
加油加不动,6374283171,0,2,340000,340100,,抱抱,5698716801,0,2022/7/7 10:20
想和你逃亡,6425832394,0,1,520000,520100,,陆准来了，最后，没有食言吧,5698149070,1,2022/7/6 16:32
风秦青书,1562810526,0,1,130000,130100,,银临姐的唱功还要加强啊，换气声很明显的。,5697980298,0,2022/7/6 14:26
阿霧Romy,1679160338,0,2,0,100,坚持着热爱，无聊日子中也总会有期待,这歌不好唱,5697941792,1,2022/7/6 13:14
尘鞅MG,6314617203,16,1,340000,340100,I will always be loyal to the ideas and you.,哇,5697105596,0,2022/7/5 9:39
观望彤,1820666069,20,1,230000,230100,林,确实变了,5697072436,0,2022/7/5 7:44
惟释白,424623047,0,1,0,100,是我,这歌爱的人会爱死。适合一种人一直听。[可爱],5697049362,1,2022/7/5 4:11
萌新不会救人啊,1960250344,18,0,0,100,,阅读理解满分,5696677784,0,2022/7/4 20:03
栀晨ii,1547225678,15,2,410000,410100,,抱抱！,5696676531,0,2022/7/4 20:02
子雨轻风,1328052583,0,0,330000,330100,,还差一点味道,5696630171,0,2022/7/4 18:47
子雨轻风,1328052583,0,0,330000,330100,,这个很适合当大贤者的歌曲,5696626597,0,2022/7/4 18:43
小雨唏哩哗啦滴滴答,1525615471,0,0,0,100,时间的线性是温柔的骗局,受不了rap……一出来就让我梦回2012非主流了……,5696323826,1,2022/7/4 5:17
元宵真香,605771041,21,0,350000,350700,嘎嘎嘎,太上头了,5696154058,1,2022/7/3 22:30
一枚银子,614389625,26,1,140000,140700,银为有你，天涯比临(*?︶?*).。.:*?,听了阿临的琉璃的我已经结婚了，从相识到相知相爱，都是临姐给我的信念在支撑着我一直没有放弃，终于与心爱之人结为夫妻，今日特来还愿，希望小银子们都可以勇敢起来，去追求自己所爱之人，只有相信爱情，才能得到爱情,5695498746,37,2022/7/2 22:02
流离心,116485913,0,1,220000,220100,,自在随心太难了，怕是要死在这荒原冻雨下,5695352099,5,2022/7/2 18:23
用户6492485940,6492485940,0,2,320000,320100,,抱抱你[多多大笑],5695103417,0,2022/7/2 10:06
紫寞雪,605518481,20,2,430000,431000,白云是否也听过你的诉说,哇哦,5694994585,0,2022/7/2 1:23
师淞栾,7926371983,16,2,340000,340100,,银临yyds！,5694799438,1,2022/7/1 20:28
如果宁缺,4998572961,0,1,320000,320100,,一度想給宝宝取名为 琉璃  可惜，没這命,5694300108,0,2022/6/30 22:44
秋月晓星辰,476099234,0,0,500000,500101,人对爱和永远 应该有幻觉,天地无垠，自在随心~,5693817565,0,2022/6/30 10:10
达芬奇Nero,281520014,32,1,320000,320500,孤身在外，慈母勿念，锦衣夜行，素袖藏金。,[亲亲],5692834681,0,2022/6/28 16:37
EvelynMalfoy2001,2061744649,0,2,320000,320900,,感觉化用了很多苏轼词不知道为什么,5692233990,1,2022/6/27 16:59
暴躁的江丽婷,133539431,0,0,320000,320500,,[吐舌],5692220806,1,2022/6/27 16:28
练习时长两年半y,1891630258,32,1,510000,510700,,[多多大哭][多多大哭][多多大哭][多多大哭][多多大哭][多多大哭][多多大哭],5692215442,0,2022/6/27 16:18
谦尘画,358649433,0,2,530000,530300,童话被染上了伤……,世间好物大都不坚牢，彩云易散琉璃脆,5691856813,8,2022/6/26 22:46
yeshou叶声,544437226,0,2,0,100,无话可说。,不是同人曲，这是银临三单的曲子，是个人专辑,5691520534,2,2022/6/26 13:28
江湖满地一渔翁-,633025440,24,2,150000,150500,总有偏爱的事物,呜呜临子好瘦把十三余琉璃穿得那么好看！,5691455806,0,2022/6/26 11:38
自由加点甜,3328543742,19,1,1000000,1010000,歌听久了容易腻 最简单的办法就是换成下一首?,宋婉清我一直在 我是樊,5691326659,0,2022/6/26 6:28
窗棂初夏,416223637,0,2,0,100,于2017.2.17正式转入云村。你好呀，陌生人。,这是怎样的缘分啊。去年高考时听的歌，那时没有收藏，今天高考查分，突然刷到了。[多多大哭]突然就泪目了,5690595919,1,2022/6/25 1:52
茶宁Kaliny,1531077201,20,2,1000000,1010000,见过，很多年前,抱抱抱抱抱抱抱！,5690392017,0,2022/6/24 21:16
大卫王一世,1962125207,0,1,350000,350100,,日月不聚爱意不离。,5689879345,2,2022/6/24 9:51
非酋炮,254876100,0,1,320000,320600,,6,5689312097,0,2022/6/23 14:16
叶沐逢秋,612425341,0,2,0,100,啊……,少年人的动心是多么的荒诞不经啊,5689254826,2,2022/6/23 12:16
惘-倾听者,3872088110,19,1,410000,411200,*奇异的光芒照亮了房间，黎明的曙光穿过了结界*,谢谢,5688819322,1,2022/6/22 19:38
哈喽12332,620850884,0,1,440000,440100,,你的黑白小巷，挺好听的。,5688552792,0,2022/6/22 10:11
zzzz_si6z,2127403314,0,0,0,100,,之前解答的评论没了！！被删了！可以告诉我一下吗。好好奇呜呜呜,5688457752,0,2022/6/22 2:10
山茶和玫瑰-粥粥,3302968435,0,0,1000000,1001300,,害 ，爱不爱啥的不重要。快乐就好。,5687983259,0,2022/6/21 17:31
高学姐最美了,3379008987,0,0,320000,320400,,校友举爪,5687780549,1,2022/6/21 12:03
稍纵即逝gy,1742185749,19,2,410000,411600,,抱抱你,5687184754,0,2022/6/20 17:41
朝啊漾,2117287892,0,2,1000000,1010000,我比想象中更勇敢,“悲莫悲兮生别离，不恨不悔，无忧无怨。”,5686807393,1,2022/6/20 2:41
朝啊漾,2117287892,0,2,1000000,1010000,我比想象中更勇敢,千盈，下辈子为自己活吧，你要先是洛千盈，再是洛家的小姐。下辈子要对陆准说出那句“带我走。”星河是他们的，洛千盈什么也没有。,5686800022,5,2022/6/20 2:14
朝啊漾,2117287892,0,2,1000000,1010000,我比想象中更勇敢,阿准，我不会再迷路了。,5686639506,1,2022/6/19 22:10
圃圃子,1695196284,18,2,410000,410400,仙女,抱抱,5685272924,0,2022/6/17 21:43
Tear微笑留给你,447337786,24,1,1000000,1007400,,抱抱,5684655993,0,2022/6/17 0:44
如见夏,548209691,0,2,0,100,「古风」诗酒趁年华,好好听,5684398590,2,2022/6/16 18:54
三月寻诗篇,1545881082,18,0,1000000,1003000,飘飘何所似，天地一沙鸥。,抱抱,5684223101,0,2022/6/16 12:34
天羽风雀,2135156728,21,1,610000,610100,“未经他人苦，莫劝他人善。”世上又有几人能懂？,灰原穷夺妻之恨不共戴天！,5683445258,2,2022/6/15 10:33
白鹭迁,4970612949,22,2,0,100,晚来天欲雪，能饮一杯无,抱抱,5682399754,0,2022/6/13 15:36
人间日夜,116485380,23,2,1000000,1001300,你涉及偷心 请跟我走一趟,琉璃不是同人曲哦，只是剧本觉得这首歌比较贴人物,5681971437,5,2022/6/12 21:38
邀星同游,1608990961,0,0,0,100,,是商连吧，商连自己是大学老师，商连爸爸好像也是大学教授，择荇是医生,5681694516,2,2022/6/12 14:00
羽沫酱,556420172,23,2,360000,360200,要简简单单，快快乐乐?,为啥三转里临的声音总是自带鼻音啊？[多多捂脸]听着有点难受,5681685866,2,2022/6/12 13:41
M_XrrrrSuneglected,487861764,0,2,0,100,WindfallHe’s my wind & I’m fall.,rap部分想起七朵的咏春来,5681637927,0,2022/6/12 12:28
凤凰今天和周晖生三胎了吗,5042858737,0,2,320000,320100,,洛千盈是女子身，男儿心。她身上背负这洛家的责任，从小被当场太子妃培养。她爱陆准，但是她也是晋国的臣子，是晋国的子民。确实没有比她更合适的太子妃，从她为了家族，为了国家选择成为太子妃的一刻，她便放弃了自己都爱情，尽心尽力地辅佐太子。最后，洛家落败，哥哥死亡，陆准也为救她而死，她终,5681570641,0,2022/6/12 10:33
凤凰今天和周晖生三胎了吗,5042858737,0,2,320000,320100,,玩了《星河散尽故人来》被刀麻了，三对cp，没一个善终[流泪]白子和与冯清梦中间隔着国仇家恨，陆准和洛千盈之间隔着责任和使命，白子琛与阮音音之间是上一辈的恩怨和不信任,5681564120,3,2022/6/12 10:20
凤凰今天和周晖生三胎了吗,5042858737,0,2,320000,320100,,这是洛千盈和陆准的同人曲，全人物同人曲的就叫《星河散尽故人来》吧,5681562813,2,2022/6/12 10:11
Lee_XY星月,1770894680,19,2,130000,130800,欲买桂花同载酒，终不似，少年游。,诶嘿是什么意思啊？！,5681548590,0,2022/6/12 9:44
破山中贼易-破心中贼难,1325954838,0,0,110000,110101,,好耶,5681402233,0,2022/6/12 0:20
琉璃本无树,1492116241,18,1,320000,320500,你选择的不是我啊.,你看这长江皓月 你看这通碧琉璃   你说你天真嶙峋 愿看过平生今古潮汐  还是少年游时自在随心,5681097174,2,2022/6/11 17:42
HQHQ_qin,355839154,0,2,440000,441900,,厉害了,5680875122,0,2022/6/11 11:08
李甜甜今天有衣服了吗,1894374716,0,2,340000,340100,,抱了！好神奇,5680828642,0,2022/6/11 9:24
吃土少年在东北玩泥巴,310865085,25,2,210000,210200,基本混V家日音动漫音(?????),这首的词真的又美又有故事性，听完过后就像是做了一场梦，混音好神仙，听起来就像飘在云间凝视着水中倒影?无限循环了呜呜,5680548160,139,2022/6/10 21:26
怀念最初i1809,1606826018,0,2,0,100,张杰勇敢飞，星星永相随,抱抱?,5680248477,0,2022/6/10 12:17
Y暖情,7854501638,11,0,310000,310101,天空一声巨响，暖情闪亮登场,好喜欢这首歌啊，唱了不下百遍，听了，不下千遍，太好听啦，给赞,5680232907,3,2022/6/10 11:45
笑颜乐天,3813415006,0,2,0,100,,抱抱,5678964310,0,2022/6/8 22:43
一只啥也不懂的小泷包,1688762395,17,2,330000,330400,,我我也要抱抱！,5678790259,0,2022/6/8 19:12
玄玥yue,1960978638,19,2,110000,110101,2G冲浪。整天忙忙碌碌的大学生。全平台同id,当宫阙 成丘墟 谁人觅得斑驳诗句,5675461111,0,2022/6/8 10:25
小太阳是你呀,477515114,0,2,0,100,,生来明澈生来多情,5678263252,2,2022/6/7 23:02
桐叶_YZ,1773236594,20,2,0,100,万人中万幸得以相逢。,抱抱,5678122575,0,2022/6/7 20:23
YOYO_4oT8,1372839082,19,2,310000,310101,如果我说我需要你呢,“其实我知道去了也是去死，而且救不了你，可是，我还是要让你知道，我去了。”—— 陆准,5678010629,2,2022/6/7 17:32
张祈青,1720364478,0,2,510000,510100,不避迷茫 不拒彷徨 不惜破碎,“一生是漫长又瑰奇的瞬息，何谓枯荣又何谓云泥，像孤舟巡游 不为逝水追惜。”,5675619991,1,2022/6/7 14:19
八月桑落,312601909,22,1,630000,630100,七月流火，八月萑苇,真的哎我去,5677352168,0,2022/6/6 19:32
___愚者,415531866,0,0,0,100,乘一叶扁舟入景随风望江畔渔火,@番茄你个西虹柿,5677086920,1,2022/6/6 11:41
yzr1ha,629117018,0,1,370000,371300,好事多磨,神中神?,5677006327,2,2022/6/6 8:41
南宫花哑,455534420,0,2,0,100,,一如既往的好听啊,5676870364,0,2022/6/6 0:02
以后是朋友,389784191,0,1,320000,321000,,评论+1,5676659594,1,2022/6/5 19:54
爱意听风去,3582407925,15,2,230000,230100,,诶嘿?,5675158802,0,2022/6/3 19:59
梧桐外的白马弄堂,4894196265,15,2,320000,320500,人间盛望，故里江添。你的盛年望之可及，我的江海浅淡云添。江舟添盛望，白马弄清堂。世界灿烂盛大，欢迎回家。怎奈松风明月三千里，天不许归期,抱抱,5674808475,0,2022/6/3 9:54
慕辰岚,4940962073,0,1,0,100,,抱抱,5673902767,1,2022/6/1 21:18
白噪音-Rachel,3988035518,0,0,0,100,,词写的好好啊???!(??????)??,5673465244,3,2022/6/1 1:03
梵嘉漾,1512155311,0,2,1000000,1010000,说什么好 念什么糟,世人轻慢或艳羡着你,5673108942,0,2022/5/31 15:01
懒羊羊yyc,1702427869,0,1,430000,431000,,[多多调皮][多多调皮][多多调皮],5672849183,0,2022/5/31 0:36
Curry瓿,1670805799,0,1,140000,141000,“无人问津也好 技不如人也罢 你都要试着安静下来 去做自己该做的事 而不是让内心的烦躁 焦虑 毁掉你本就不多的热情和定力”,“其实我知道去了也是去死，而且救不了你，可是，我还是要让你知道，我去了。”—— 陆准,5672166795,6,2022/5/29 23:52
克隆影子,277320291,0,0,610000,610100,,百变大侦探 星河散尽故人来角色专属bgm引流[大哭]刚玩完这个剧本,5671570454,2,2022/5/29 4:58
秋月晓星辰,476099234,0,0,500000,500101,人对爱和永远 应该有幻觉,灵魂共振,5671469318,0,2022/5/29 0:22
秋月晓星辰,476099234,0,0,500000,500101,人对爱和永远 应该有幻觉,那一段真的有一种魔力,5671463869,2,2022/5/29 0:14
西洲o-O,408394218,0,2,0,100,歌单小卖铺，什么都有,这词是真的好好听我天,5671325234,2,2022/5/28 21:51
空心丿念,1526968857,0,2,220000,220600,,真的哎,5669591965,0,2022/5/26 12:59
笑靥_q6P2,396677245,22,2,420000,420800,沒有故事，沒有酒，感谢相伴?,到底怎么抱，几年了，我还没抱上,5669468392,0,2022/5/26 7:07
你啊你180829,1578060341,0,2,350000,350900,,[多多耍酷],5669365386,0,2022/5/25 23:53
一只椰子椰子吖,2049150513,0,0,330000,330600,,[多多大笑],5669345356,0,2022/5/25 23:29
zzz_th,375822859,0,2,360000,360100,,我也看了小说找来听的 你看的也是神灵新娘这本小说吗？,5668394961,0,2022/5/24 19:04
凶猛可爱,1607966913,24,2,370000,371600,,[鬼脸],5668163154,0,2022/5/24 9:22
Dralong-you,637173670,0,2,0,100,,好上头,5668154800,0,2022/5/24 8:48
鑠槊,535840911,21,2,440000,440300,菩提本无树，明镜亦非台。,一开口就美死了，副歌反而没有开头有感觉,5668010230,2,2022/5/23 23:34
梅长苏救不了,1456246865,19,1,1000000,1010000,,最近失眠了怎么办啊[多多大哭],5667266885,0,2022/5/23 7:57
菜菜的笨蛋小陈,1325797257,21,2,520000,520200,偶尔小emo，持续性暴躁阳光快乐输出国粹的搞笑女,我真的，为了家国大义，真正的大家闺秀，所有都是无解,5667099290,0,2022/5/22 23:06
瑟琳没你我怎么活,1696788910,0,0,0,100,,！涨芝士了,5666952501,0,2022/5/22 19:53
莫得名字的宝宝熊,130802212,0,0,0,100,欣欣点灯,哇真的耶第一次知道,5666806006,0,2022/5/22 15:47
灼华NIL,1608752550,21,2,120000,120101,修身、齐家、治国、平天下你所见即是我，好与坏，我都不反驳,哇！！！,5666777601,0,2022/5/22 15:04
什么时候轮到我暴富啊啊啊,1841169765,0,2,150000,150100,,看了一篇小说来的，真的歌词好绝,5666769394,2,2022/5/22 14:49
浅天1810,1638406606,0,2,360000,361000,,陆准，你还愿意再背我一次吗？,5666027542,3,2022/5/21 16:15
會議曾經時,468319545,16,1,330000,330400,交个朋友,之前哼了这么久的歌，原来叫《琉璃》啊。。。,5665785499,1,2022/5/21 9:17
sabbatjacasseur,1367235156,0,0,340000,340100,,(\___/)（??????? )ど　　  づしーＪ,5665598492,1,2022/5/20 23:57
ytBond,334919759,0,1,350000,350600,,Bg,5665316408,0,2022/5/20 17:53
ytBond,334919759,0,1,350000,350600,,Bg,5665316407,0,2022/5/20 17:53
耳朵听不见L,247154338,23,2,0,100,艾尔先生，我说你很像，天边的明月啊。,“千百亿星辰在上 浮图塔宝铎和鸣。 ”好美啊,5664715911,49,2022/5/19 21:44
爬爬是只小猫,3957269264,0,0,120000,120101,,原来如此是我孤陋寡闻了[多多捂脸],5664616469,0,2022/5/19 19:18
林下烟,4957786831,17,2,210000,210600,竹杖芒鞋轻胜马，一蓑烟雨任平生。,因为何以歌和琉璃都是银临作曲,5664609370,3,2022/5/19 19:02
吃大虾hsn,628441556,23,1,430000,430100,,不一样的古风，混响呈现空灵感，配合临姐的嗓音，绝美！,5664127268,0,2022/5/18 22:09
爬爬是只小猫,3957269264,0,0,120000,120101,,怎么有点何以歌的感觉？[西西流汗],5663980010,0,2022/5/18 20:51
於弃Live,537686428,28,0,1000000,1005600,你正容姿风流我亦芳菲豆蔻为何就不能举案到白头,可千万别饭圈，饭圈不配，我觉得半素人挺好,5663106143,2,2022/5/17 15:36
一个达不溜溜球,434309193,0,2,0,100,城市人潮拥挤，你不要走丢了自己。,温柔而又有力量,5663091892,1,2022/5/17 14:52
时之旅人001,427467995,0,2,0,100,,封面可以的,5662536772,0,2022/5/16 16:30
梦醒的泪,1334709639,28,1,530000,530300,,私信,5662447045,0,2022/5/16 13:07
梦醒的泪,1334709639,28,1,530000,530300,,送7天黑胶，,5662444665,0,2022/5/16 13:06
利利我男神啊,436592959,0,2,0,100,俗人。,结合语境，就是现实磨灭了爱欲和天真。天真变瘦了，所以嶙峋。,5662106412,19,2022/5/15 22:31
Sdikou,3383245490,17,1,210000,210300,,厉害欸,5662071984,0,2022/5/15 21:50
月下夕妍,1811524606,0,2,110000,110101,,抱抱,5662038868,0,2022/5/15 21:09
蟹人川,1894815444,23,1,350000,350800,也许,“人无七情六欲便可脱离一切苦难，但是，一定有一个人可以让你的爱欲无法剥离”,5661892139,0,2022/5/15 17:23
流墨千秋,6447013883,0,2,0,100,,抱抱,5661859473,0,2022/5/15 16:33
#NAME?,1347083658,0,0,1000000,1007700,长大了不起,一生奔赴一场大无畏梦境世人轻慢或艳羡着你,5661689063,2,2022/5/15 12:17
烬染胧月,1300854954,0,0,420000,420500,,今天上语文课才知道“秣陵”就是南京，那这首歌，唱的是临子自己吗？,5661338313,0,2022/5/14 23:15
来电提醒666,3856904913,1,2,370000,371500,,哈哈哈哈,5660844191,1,2022/5/14 12:20
鸽子大战咕咕,3247556431,22,1,440000,440300,,万象为宾客,5660523888,1,2022/5/13 23:06
雪霁风明,1912812031,0,2,310000,310101,,诶嘿,5660257481,0,2022/5/13 17:54
糖醋鱼鱼hk,1803639094,23,2,360000,360100,,歌词真的好绝,5660031752,2,2022/5/13 11:08
Reborn丶星尘,68464236,0,1,110000,110101,如果所有的相遇都是久别重逢，那么所有的分别都是后会有期。,所以评论了啥[呆],5659946016,0,2022/5/13 7:37
如愿19,475406954,0,2,0,100,,开头20秒好听，后面就有点逊色了。,5659906812,3,2022/5/13 2:39
163music2024,333837036,33,1,360000,360100,我知道你会来，所以我等。,才知道还有这功能[呲牙],5659562520,0,2022/5/12 18:50
少听水星记-,493198441,0,1,340000,341200,生活分享给了谁 爱就给了谁,小璃加油,5659397239,1,2022/5/12 14:16
鲸落生万物__,1581540855,0,0,0,100,,才知道 [多多大笑],5658674200,0,2022/5/11 15:52
云先生今天不唱戏,605572123,22,2,320000,320600,转眼，又是冬天,1200云贝推荐给大家！,5658281667,1,2022/5/10 22:55
白噪音-Rachel,3988035518,0,0,0,100,,一生是漫长又瑰奇的瞬息何谓枯荣又何谓云泥　　不如奔赴一场大无畏梦境无垠的天地间自在随心,5658160582,8,2022/5/10 20:41
陈橙Cat,1709866715,0,2,310000,310101,雪色与月色之间   你是第三种绝色,洛千盈……陆准……,5657998588,3,2022/5/10 16:16
Snowy宋意,376948464,20,2,0,100,沉沉无归处 千载谢东风。,我的理解，嶙峋的意思是消瘦，意会一下就是说社会不接受天真的人，天真和初心在成长的过程中消逝,5657958020,29,2022/5/10 14:33
反手给自己一个赞,1522982033,22,1,520000,522700,,啊啊,5657738912,0,2022/5/10 1:12
霭霭停云-,114037645,0,2,0,100,修仙不如种土豆,古风rap[大哭],5657681208,3,2022/5/9 23:53
ann娜n,5190264715,20,2,460000,460100,“心情不好的时候给我发消息，我都会回，有事跟我说你的快乐很重要，世界欠你的温柔我给”wxhzyw,“当你的生命还剩下八年，你做什么？”“五年高考三年模拟”“剩下五年时你做什么？”“三年中考两年模拟”“剩下一周时你做什么？”“周周练”“当生命剩下最后五秒钟，你能做什么？”“阅读下一小题”对，没错，我的生命中只有学习 来自一个学霸好友的动态?,5657680373,10,2022/5/9 23:51
ajusde,1866689405,0,2,0,100,,天真嶙峋是什么呀，真是令人费解,5657679458,6,2022/5/9 23:50
已经扭曲成喜欢撒撒酷热的形状了,1851404991,0,0,0,100,sskr为什么是神！,哈哈哈搞错了，谢谢姐妹[多多耍酷],5657129022,0,2022/5/9 5:27
鸣珂Rachel,4990792968,0,1,0,100,,不是四专，是第二张ep[西西奸笑],5657110224,3,2022/5/9 3:06
慵懒的树獭KNCY,362996758,0,1,0,100,静宁致远，潇湘自去,真的耶,5656813251,0,2022/5/8 20:10
一枚银子,614389625,26,1,140000,140700,银为有你，天涯比临(*?︶?*).。.:*?,当爱情的月光洒入如琉璃般脆弱美好的心灵，你是否有勇气在无垠的星河中诉尽爱语,5656650735,9,2022/5/8 15:52
草莓味mango,6401477411,33,2,500000,500101,,哇，是真的也,5656647901,0,2022/5/8 15:48
-JulieL-,4993833198,0,2,1000000,1001900,1.饿着肚子上学2.天气差的时候要晒被子3.过马路时不注意来往车辆4.要依靠别人的力量5.要光着脚在地上玩6.不要爱护小动物7.不拿毕业证8.热忱之心泯灭.,你要 燃烧不歇 又丰盈的爱意 万物生发在眼底这句跟水星记真的好像啊,5656520795,2,2022/5/8 12:37
难妧,577335475,0,0,0,100,,真的诶(???),5656409001,0,2022/5/8 9:30
江岚千夜,1694848706,33,2,360000,360100,,我说一直像什么歌,5656395052,0,2022/5/8 8:57
人间日夜,116485380,23,2,1000000,1001300,你涉及偷心 请跟我走一趟,同名剧本杀，最后结局推荐所有人角色曲就是这首歌,5656264831,1,2022/5/8 0:32
xinghui_yu,1433354532,27,1,410000,410100,,不看你评论，不看歌词，不知道有 哭 这个东西,5655954797,0,2022/5/7 18:54
跳跳绳200,1653654872,0,0,110000,110101,,抱抱,5655945387,0,2022/5/7 18:41
白噪音-Rachel,3988035518,0,0,0,100,,可以问一下和这首歌有什么关系吗[大哭][大哭],5655848418,0,2022/5/7 15:28
鱼晚缨,1373109879,0,2,370000,371200,,这是什么游戏吗？,5655779572,0,2022/5/7 13:03
顾芷梵__,1978842880,17,2,330000,330500,风雨同周,[大笑],5655492409,0,2022/5/6 23:07
灯里里_,1289857314,0,2,0,100,。,我也是，真的意难平，路准和洛到最后也没能表白。,5655464229,3,2022/5/6 22:37
橘子鼓,343827426,33,0,320000,320100,,人声对比 青溯小了,5655083657,1,2022/5/6 15:45
-蒙面虾仁-,1570134750,0,2,0,100,这个人很懒，没有留下个性签名。,虽然很好听，但是我真的想问 为什么要留那段rap,5655083195,3,2022/5/6 15:42
就叫江棠梨吧,1372851714,0,2,130000,130400,你别不幸福 这句话并不珍贵但我送给你.,“你放心 天黑之前我就回去 不会走丢了”,5654149959,7,2022/5/5 3:28
池Mo,1687299490,20,2,500000,500101,,诶嘿,5654109152,0,2022/5/5 1:08
2B青年欢乐多,110702,0,1,0,100,网易云音乐是个神奇的app，当你刚开始下载月亮之上爱情买卖这类歌曲的时候，它会慢慢引导你听听其他流行乐，然后慢慢听英文流行乐，渐渐的开始给你推纯音乐，一旦你上钩了，大批古典协奏曲钢琴曲开始推送，音乐逼格从此无法下降，满满的都是套路啊！,通讯靠吼，创作靠哭,5654105261,0,2022/5/5 1:01
春风应许,293670506,6,2,510000,510100,事出有因，不便言说。干脆换爱细碎日常，宇宙洪荒。可止只念一人好。,今晚来听。诸般滋味皆在其中。,5654026481,1,2022/5/4 23:28
世界最可爱的白夫人,1956065170,18,2,360000,361100,落霞与孤鹜齐飞，秋水共长天一色,抱抱[大笑][大笑],5654022372,0,2022/5/4 23:24
人间日夜,116485380,23,2,1000000,1001300,你涉及偷心 请跟我走一趟,合会有离，万事无常。星河散尽，不见故人。,5653910079,3,2022/5/4 21:17
人间日夜,116485380,23,2,1000000,1001300,你涉及偷心 请跟我走一趟,刚玩过《星河散尽故人来》，呜呜呜呜，我的陆大人啊,5653909907,19,2022/5/4 21:16
橘生又落valentia,3727270134,0,0,0,100,自在随心，想唱什么就唱什么～,12008,5653784446,1,2022/5/4 18:26
惘-倾听者,3872088110,19,1,410000,411200,*奇异的光芒照亮了房间，黎明的曙光穿过了结界*,谢谢,5653671942,1,2022/5/4 15:23
青阳昭文,1646933619,24,2,530000,530100,万物沉没于光影,我喜欢你好多好多年如果我们都站到各自梦想的顶点我们会再相遇的对吧,5653466136,1,2022/5/4 10:04
琢光_,1304354912,26,1,110000,110101,,哈哈哈哈哈哈哈哈哈，理解,5653118812,3,2022/5/3 21:57
原野辰星,336248296,0,1,0,100,在世界的某一个小角落，总要留下点存在过的证明,一生是漫长又瑰奇的瞬息，何谓枯荣又何谓云泥。太绝了！喜欢的不得了,5652920585,11,2022/5/3 18:24
原野辰星,336248296,0,1,0,100,在世界的某一个小角落，总要留下点存在过的证明,三专里面最最最好听的一首,5652919413,7,2022/5/3 18:20
Sebastian圈外女友,1506138673,33,2,0,100,愿我如烟,哇真的哎,5652767179,0,2022/5/3 14:24
一直_ly,1841788170,33,2,320000,321000,永远,好久没听，想起以前听的时候了,5652764261,2,2022/5/3 14:19
司岚___,4035148194,0,2,330000,330500,,我高音 这段我已经降不下去了 还怎么降啊[多多大哭][多多大哭],5652762378,0,2022/5/3 14:17
霍子庚,604777792,19,1,0,100,“可他却又乘上云海中的鲲鹏，归去没有离与愁与无常之恸。只有织满九万里的诗意汹涌，还不肯坠下苍穹，就此而终。”,贴贴——,5652392739,0,2022/5/2 23:58
Shallowdream__,1441897635,19,2,440000,440100,离恨恰如春草，更行更远还生。,抱抱,5652088047,0,2022/5/2 18:29
___愚者,415531866,0,0,0,100,乘一叶扁舟入景随风望江畔渔火,@番茄你个西虹柿,5651818038,0,2022/5/2 11:34
broooooccoli_,3935471399,0,2,510000,510100,横扫生命，做回尸体,世间好物不坚牢，彩云易散琉璃脆。,5651725547,7,2022/5/2 9:06
氓碉夂蝈嘚fa,330467768,26,1,510000,510300,会哭的孩子有糖吃，,咿呀,5651502109,0,2022/5/1 23:21
挑灯问意,1884090844,16,2,0,100,only fools do what I do,开头和秣陵城和高潮真的好绝,5651337703,7,2022/5/1 20:29
墨炣白采,3919710873,16,1,320000,321000,,抱了,5651279643,0,2022/5/1 19:14
Emily__艾米_,3315418470,0,0,350000,350100,,呜呼长了新知识,5651166270,0,2022/5/1 16:37
已经扭曲成喜欢撒撒酷热的形状了,1851404991,0,0,0,100,sskr为什么是神！,小银子们去看四专《眉南边》真人MV美哭了！,5650833785,8,2022/5/1 8:59
Jerry没睡醒,350063940,19,1,420000,420100,,那不更虐吗，但又有什么办法呢?,5650732115,0,2022/5/1 1:54
Jerry没睡醒,350063940,19,1,420000,420100,,你恨他也没用，在那个位置身居高位，你想要一个男人有责任感，那他身为太子，未来的皇帝，他不止要为了周围的女人兄弟负责，他更要为黎明社稷负责。对那些角色最好的安排很有可能演变成一场灾难。只为博红颜一笑的故事存在于江湖，帝王之家，为的不是儿女情长，更多是为了天下百姓，就像太子与冯清梦,5650731241,1,2022/5/1 1:54
我别沉迷初遇-,3218177081,0,2,420000,420100,,哈哈哈哈,5650712118,0,2022/5/1 1:20
把物理踩在脚下的女人,5025491068,19,2,0,100,,抱抱,5650688311,0,2022/5/1 0:47
小汐的白月光,3260137074,0,2,0,100,何须秋枫逐落叶，自由晚夜拂星河,差点就信了,5650519852,0,2022/4/30 22:05
挽月归时,1422247704,24,0,350000,350200,,好好听,5650255882,2,2022/4/30 16:37
言葉殿下,1768153142,19,2,610000,610700,冥冥之中,真的哎,5650121958,0,2022/4/30 13:16
行三七安呀,108305257,26,1,330000,330500,,[多多可怜][多多可怜],5649832242,0,2022/4/30 1:01
我别沉迷初遇-,3218177081,0,2,420000,420100,,抱抱你,5649761369,0,2022/4/29 23:45
酃圄,2105360928,0,2,0,100,,抱抱了,5649707200,0,2022/4/29 22:48
修立帅,372885626,0,1,310000,310101,还记得去参加Sophie  selmani在中国演出时的那份满足，还记得年少时收集了全部四大天王在国内出版的正版磁带，还记得奔走于每个我能接触到的卖打口带的地摊，以及后来又在不同的音乐节穿梭，目前本人接触了发烧音乐，又喜欢上了古典音乐，我想，如果有人问我我有什么爱好，我可以告诉人们，音乐是我最喜欢的爱好。,谢兰图够用不？,5649138984,0,2022/4/29 5:17
想风筝卐久伴卍的往事,1684737604,0,1,440000,440100,,抱抱了[多多可怜],5648690530,0,2022/4/28 16:47
ElementFury,340666393,22,1,110000,110101,,倾月，我想再见到你，一面也好。,5648590265,2,2022/4/28 13:04
如落叶般,1764506856,0,2,0,100,岁月里的你很干净比酒淡比水清,叫《为爱追寻》,5648485407,0,2022/4/28 9:15
如落叶般,1764506856,0,2,0,100,岁月里的你很干净比酒淡比水清,有没有人看过梦幻西游天命之路，那个ed跟这首高潮第一句旋律很像,5648483566,0,2022/4/28 9:10
神在夜晚告诉我,1997110399,0,1,130000,130400,看那焚尽孤城寂冷了三生，风华绝代往事不过繁华落尽。,怎么弄啊,5648463692,1,2022/4/28 8:08
步解尘,4027232364,0,2,340000,340100,刘彻茂陵多滞骨，嬴政梓棺费鲍鱼。,美人灯也挺惊艳的，慕清明作词超爱,5648171611,3,2022/4/27 20:59
清醉生,3242627560,22,2,230000,230100,时常不在,抱抱,5647692454,0,2022/4/27 13:30
橘子柚子橙橙子,2016521897,0,2,0,100,,哇塞真的诶,5647685292,0,2022/4/27 13:17
海棠微雨遇,5180063716,0,2,150000,150400,,抱抱[憨笑][憨笑],5647273922,0,2022/4/26 22:46
请叫俺老龔,1956996123,40,0,420000,420600,,好听，就是听不懂[多多大笑],5647120599,0,2022/4/26 19:40
-阿醉-,51090560,3,0,510000,510100,不是专业人士！欢迎来找我玩儿！可随意约歌！,女神走在了古风圈最前端,5647076067,1,2022/4/26 18:24
秦千世,366058002,20,1,140000,141000,御剑乘风起，扶摇上青天,[大笑],5646661294,0,2022/4/25 23:47
yinlinslove,1549821972,0,0,0,100,～,今天自己放弃了一个比赛 心里万般纠结自责 觉得自己总是在为自己找借口 无法排解愁绪 就在听临姐的歌写日记 想到高三的时候和同班的小银子会用临姐的很多歌相互鼓励 临姐也陪我走过了高考那段最难熬的时间 听着鼻头一酸 我好像上了大学有点忘了自己想要去做什么 好像抓不住自己想要的东西,5646644722,1,2022/4/25 23:30
了了巫,5031943603,20,2,360000,360700,,抱抱你[多多大笑],5646635549,0,2022/4/25 23:20
啊杰666888,1533826693,0,1,350000,350900,去做一个挑战风车的傻子,,,,
勇敢和怯懦总得选择一个,有点专业的感觉,5646177677,0,2022/4/25 11:36,,,,,,
王杰希的老白,1535704489,0,2,510000,510100,音乐就是粮食。PS：哪里都有杠精，真的是老鼠屎无处不在,一分5秒开始，循环,5646091674,1,2022/4/25 7:46
无何须_,2070946354,21,2,430000,430900,在世间，本就是各人下雪，各人有各人的隐晦与皎洁。,要不咱们降调吧[多多捂脸],5646024482,1,2022/4/25 1:24
无何须_,2070946354,21,2,430000,430900,在世间，本就是各人下雪，各人有各人的隐晦与皎洁。,哈哈哈哈哈好可爱我也这样看错过[多多捂脸],5646024050,0,2022/4/25 1:22
秣文等待戈多,1389461416,34,1,410000,410600,,一定要照顾好银临和你自己，人间有你们，尚可期待,5645945034,0,2022/4/24 23:41
yzr1ha,629117018,0,1,370000,371300,好事多磨,快两年了，每次听都还是那么动人心弦,5644871589,17,2022/4/23 18:45
棋华0921,642597520,0,2,370000,370100,,有一句很像牵丝戏的调调？,5644725683,0,2022/4/23 14:47
巷陌是我,2134363778,0,2,360000,360100,,苏轼的词哈哈哈，加油,5644665777,0,2022/4/23 13:11
秣文等待戈多,1389461416,34,1,410000,410600,,我也超喜欢这句，我的网名叫秣文，喜欢秣周东路，秣陵,5643548318,0,2022/4/21 23:46
天湛月皎杯中做酒,1963715330,22,1,210000,211300,又见青山笑——不必苟活,推荐河图的古风[多多可怜],5642316626,0,2022/4/20 11:52
不苦是甜的,1721482061,21,2,370000,370900,,洛千盈，你终于自由了,5641441654,14,2022/4/19 0:54
晏暥_,3296160858,16,2,210000,210100,,哎嘿,5641085372,0,2022/4/18 17:35
白靖泽H,343659471,27,1,620000,620100,不知道还来得及说声我爱你,这要是一场梦该多好，看你浮华留存世上，我随星河流淌。不见故人不见卿，愿有来世，我还要做那陆容轩。,5639080465,8,2022/4/16 2:35
行无妄,299928682,0,0,0,100,,陆准呜呜呜呜,5638965100,0,2022/4/15 23:37
-渡我不渡-,1870745926,23,2,150000,152500,得解脱处，唯神佛前，与山水间。,我觉得这不算古风歌，流行歌曲，就是填词古风而已,5637755581,0,2022/4/14 20:12
风荷绾,577152882,0,2,0,100,,哎，我觉得真的都好难，阮音音报道,5637332009,0,2022/4/14 7:19
风荷绾,577152882,0,2,0,100,,救命啊，我刚玩完，别说了，已经开始哭了,5637331910,0,2022/4/14 7:18
西窗人静,479243194,0,2,430000,430200,,天真，梦境，爱意，是我至死所追求的——锤子给你，锁链给你，匕首给你。敲碎我的骨头，捆住我的四肢，戳瞎我的眼睛，割断我的喉咙，我也无法停止，去奔赴山川星河，风月深情。,5636486605,9,2022/4/13 1:34
释数无恙海,3243910205,17,1,350000,350700,自需渡海，还需自渡。,前年三专入坑，《琉璃》的确有创新而且值得细品，银姐唱功也好了，进步值得肯定。但它有些让我失望，银姐这回副歌太与自己早期《牵丝戏》几句，高度相似。其它偶尔几首歌曲也有这个毛病！这是个不大好的事，很多歌手都是被惯用的和弦困住导致很难再有佳作，我其实更期待银姐能有更独特的作品展示给大家,5636252253,10,2022/4/12 21:27
汤燕犀,487336281,33,1,370000,370100,“知行合一”,这首歌好美,5636100691,5,2022/4/12 18:14
胡桃面包,94787846,33,0,610000,610100,女，(心理)年龄7岁，双鱼， (躺下后)身高0.3m，体重不明(因为在不停的吃) 。面善，擅长和人打交道，喜好交友，间谍般的团体融入能力，能让人放松警惕 ，以未成年男子的心脏为食 。,就是很像,5635811711,0,2022/4/12 8:40
柚棠i,324399484,24,2,140000,140200,,陆准,5635652973,1,2022/4/11 23:50
分享冷门优质曲,323729297,0,0,130000,130500,,B站有位UP主专门解析这些优秀的古风歌国风曲,5634991157,1,2022/4/11 9:39
一枚银子,614389625,26,1,140000,140700,银为有你，天涯比临(*?︶?*).。.:*?,穿插的和声太惊艳了，这首歌的气质好高贵，好华丽,5634973075,34,2022/4/11 8:52
月月喝醉了,554044882,20,2,420000,420300,喜欢一个词叫「触底反弹」，如果最近一直在经历不好的事情，那么一定要相信在不久的将来会遇到更好的事情。,太羡慕了！,5633861100,0,2022/4/9 23:04
枫漓_Mutc,420752991,21,2,370000,371700,,银临的歌编曲很多都是灰原穷，同一个编曲那风格肯定是类似的啊,5633705235,0,2022/4/9 20:33
今天的H君吹Eve了吗,1756847163,0,0,1000000,1010000,,哈哈哈校友[多多捂脸],5633493838,0,2022/4/9 16:21
酸碱快乐林儿,1308274137,0,2,440000,440300,是林彻是彻彻也是车车！,深深的那首爱若琉璃确实蛮古 很抓耳！,5633231643,0,2022/4/9 9:28
b站清雅止奢,1654817910,20,1,370000,371700,当梦想击破星河！注定举世瞩目。,冷冷清清，寂落沉沉,5632613929,0,2022/4/8 17:59
Tony170620,511798642,0,1,340000,340100,,这词绝了[多多亲吻][多多亲吻][多多亲吻],5632287485,2,2022/4/8 9:07
我别沉迷初遇_,4023364667,0,2,420000,420100,,我也是我也是,5632162437,0,2022/4/8 1:05
-流云吻风-,1894098929,0,2,420000,420100,,锤姐[大笑]?,5630541472,0,2022/4/6 1:36
slrtvc,3381625938,24,2,1000000,1007700,既有万千可能，那就择一奔赴,真的爱古风,5630233881,0,2022/4/5 20:27
无笙柚,63765453,24,2,330000,330100,,星河散尽故人来,5629247098,3,2022/4/4 20:40
鸣珂Rachel,4990792968,0,1,0,100,,奔赴一场大无畏梦境～,5629127174,1,2022/4/4 18:21
白露Rachel,588502193,22,2,430000,431000,,[爱心][爱心],5629066766,2,2022/4/4 17:01
半纸清风,1809416680,19,2,320000,320600,,没事，还好最后西施和范蠡有情人终成眷属,5629066161,1,2022/4/4 17:00
飖飖-,439204824,0,2,0,100,,中间那段rap怪怪的。。歌很好听,5629015323,2,2022/4/4 15:54
花逾燃,1663588496,15,2,610000,610900,惆怅东栏一株雪,又是一首可以拿去给朋友吹的古风歌 告诉她古风不是只有风花雪月 它有溯回千年的诗行 有大人间和小团圆 有不屈昳丽的灵魂  还有柔软又丰盈的爱意。,5628727590,178,2022/4/4 9:33
穷穷穷穷哒,255819979,0,2,450000,450100,,无垠的天地间恣意地呼吸,5627508359,4,2022/4/2 21:21
百里折花blzh,3287432140,0,2,220000,220700,,疯狂代入，尤其是“你多荒诞不经，多鲜活，多昳丽”那一句，让我想起我的所爱之人,5627095486,6,2022/4/2 10:47
CougHee,121023416,0,2,0,100,,好喜欢好银临的风格[爱心],5626023408,1,2022/3/31 23:48
江执北Y,413349776,24,2,110000,110101,去做风 不被定义的风,灰原穷夺妻之恨不共戴天,5625893797,0,2022/3/31 21:37
司岚___,4035148194,0,2,330000,330500,,高音同学真的不知道中间那一段怎么唱 有人知道怎么解嘛,5624809307,1,2022/3/30 19:33
跳跳panda,306931753,0,1,330000,330100,听风来 we will meet in blue sky ?,封面美哭。看你们的讨论好热闹,5623667443,1,2022/3/29 11:38
_言_叶,1418707554,0,2,360000,360100,,《琉璃》亦是第二张专辑「蜉蝣渡海」中《不老梦》的延续，歌词：倏忽天地琉璃灯，成为我所向披靡的勇气和惶恐。《不老梦》主题是求不得，但并不是不敢追寻才不得，而是努力了、尝试了，依然不可得。《琉璃》在升华，就好像成为完整的自己，要走过的那条来时平凡的路，在无垠的天地间自在随心。,5623447171,27,2022/3/29 0:13
_言_叶,1418707554,0,2,360000,360100,,既然《琉璃》是第三张个人专辑的同名曲，那就不得不提起银临的第一张专辑「腐草为萤」。熟悉我的人都知道，《腐草为萤》是我的古风入坑曲，这首歌在我心中的地位极高。《腐草为萤》这首歌里提到了错过、因果、轮回，甚至是生命，那么《琉璃》在我看来更多的是坚守、本心。,5623450046,22,2022/3/29 0:13
格兰芬多的救世主,1460597209,0,0,0,100,当它掉落在地，世界都为之轰鸣,“暮色渐浓，星辰一颗接一颗出现，月亮把它的光投到沼泽上。在晃动的摇篮里睡去的那一晚，他所看到的景色也和现在一样。这个慢慢步进致命泥沼的龙钟老人身穿褴褛的紫袍、头顶枯萎的藤叶，他在梦中所见的美丽城市的黄金圆顶，仿佛正在前方浮现。那一晚，旧世界中的一切青春和美都死去了”,5622696876,5,2022/3/28 0:54
载一船清梦_,517932513,0,2,0,100,,吴一穷[大哭],5622220610,0,2022/3/27 16:01
CkS8_,645539348,0,2,530000,533300,,这是啥情况,5621167477,0,2022/3/26 13:57
曰十-,3827684038,0,2,0,100,明知不可为而为之，是最大的诚意,从一开始的青涩懵懂到最后雨中痛哭  阿准太累了  谁都是局中人,5620823594,2,2022/3/26 0:37
春野燎原Ap,1501879929,23,2,110000,110101,听说有人孤负黑夜,这首歌听到了就容易开单曲循环,5620093413,31,2022/3/25 9:44
璃月钗,1919016553,19,2,330000,330100,青春有梦，折翼重生。这里璃月钗，与扣音的K歌app某民同名同头像，近期生病了翻唱暂停在休养。古风圈是只小银子，欧美圈偏好傻脸娜和霉霉，米诺斯危机管理局在锈河划水的女局，霍格沃茨鹰獾跨院生，粤语歌比较爱Twins，更偏爱娇但Sa也很棒,我觉得从三专整体来看，写给自己，鼓励自己追求一种逍遥自在（？）的生活状态（或者精神境界？）的可能更大,5620031405,31,2022/3/25 7:12
萧立之,455491082,33,2,320000,320500,,这是一个朋友推荐给我的，其实我很喜欢很喜欢，也很喜欢。。。。,5619294154,2,2022/3/24 10:22
曲谐-,324007912,0,1,410000,410700,,我说这么好的词谁写的？原来是商连,5618890281,36,2022/3/23 20:37
Orlain,504498954,18,2,370000,370700,I Wandered Lonely A Cloud.,商连yyds,5618278873,2,2022/3/22 22:52
#NAME?,545941742,0,2,0,100,我与神明画押  赌你心动一霎,我的阿准 如有来生 只此一人 不负卿意,5616858491,2,2022/3/21 10:17
醉花风,4992981830,1,1,530000,530100,我本宵小，幸有君知。,没事，人生总是有路的，决定它的不一定是你的成绩，而是你的心……,5616630148,1,2022/3/21 0:04
醉花风,4992981830,1,1,530000,530100,我本宵小，幸有君知。,曹贼！！！,5616627648,2,2022/3/21 0:03
Beautifu1_Syting,647734930,0,0,0,100,:）天天开心呦,rap真的好酷[流泪],5616125650,0,2022/3/20 14:46
_言_叶,1418707554,0,2,360000,360100,,在文学上，是列锦和白描,5615926730,9,2022/3/20 10:23
_言_叶,1418707554,0,2,360000,360100,,结尾是最最喜欢的一段，直接被当做手机铃声。每一刻都是无尽瑰丽的永恒，亦是逝水无痕的瞬息。枯荣云泥过眼事，灯火钟磬自随心。,5615926522,1,2022/3/20 10:22
落落有初,620526873,0,0,0,100,咫尺天涯，也要逐光而去。,我也没读出情爱的味道，我一直以为这首歌是在赞颂一个意象，这个意象在这样的人间里，活得满心热烈，自由自在。,5615634503,106,2022/3/19 23:05
轻风岂可留,1966095917,0,2,440000,440100,,我觉得关键在于“自我”。奋力追求自我会遭到很多现实中的非议，不理解的会轻慢，如果有此心但没有勇气的就会艳羡于你，但你仍然可以在这样荒诞、冷漠的世界中活得鲜活昳丽。结尾直接点明的“自在随心”，第一遍我觉得轻，细听才发觉是很重的,5615618590,2,2022/3/19 22:50
探归者夕迁-杨柳西堤坡,5174516550,0,0,330000,330100,,世人轻慢或艳羡着你(琉璃)和演离合相遇悲喜为谁(牵丝戏)调是一样的；日出而作，岁月如梭(泸沽寻梦)的第一句和早春暮春(棠梨煎雪)一个调(只是节奏不一样)，第二句和阳光微凉(锦鲤抄)一个调…相似的确实不少，但是不影响它好听，因为不同的词也能带来不同的感受。,5615018815,2,2022/3/19 9:58
小玖xG,1590084641,25,1,330000,330100,尘间纵喧嚣，心中有净土,何时，网易云成为，我想表达情感方式的地方，何时，我又归来，何时，又该离去，在这里留下此言，定不负你终生。,5614887609,2,2022/3/19 1:27
_言_叶,1418707554,0,2,360000,360100,,结尾是最最喜欢的一段，直接被当做手机铃声。每一刻都是无尽瑰丽的永恒，亦是逝水无痕的瞬息。枯荣云泥过眼事，灯火钟磬自随心。,5614241571,74,2022/3/18 13:30
寻哲哲哲哲哲鸭,627013236,19,2,330000,330900,我也想與你一吻永恆  我的海洋戀人? ???'? ?? ??ss ? ??????? ?? ????? ?????,你现在知道爱不永久了吧,5613876967,0,2022/3/17 23:17
带白菜鸡,1455653697,20,2,320000,320100,,南工大[多多耍酷],5613750669,2,2022/3/17 21:22
一個人滴精彩,576379044,33,1,510000,510100,签名，等我想起来了写,打卡，打卡，又来听大临子的歌啦~,5613696077,2,2022/3/17 20:13
芊昣愔,507779791,23,2,340000,340100,思篱慕篱君久不归，千日万日吾爱不减！,知乎上说是南京工业大学,5612511704,4,2022/3/16 0:40
慕寒-01,327160675,28,1,610000,610100,?搞钱中,我啥也不知道纯纯喜欢听临姐的歌[大哭][大哭],5611543072,0,2022/3/14 22:02
河丘风雪夜,267079931,26,1,370000,371700,回首前尘往事，总有许多忘不了的人和事。有时，往事的本身也许并不出众，你之所以记得它，因为它是你成长的烙印……,一生是漫长又瑰奇的瞬息，何谓枯荣又何谓云泥;太喜欢这首歌了，人生到底有多长，自己过的自在开心就好。,5611114185,2,2022/3/14 10:02
河丘风雪夜,267079931,26,1,370000,371700,回首前尘往事，总有许多忘不了的人和事。有时，往事的本身也许并不出众，你之所以记得它，因为它是你成长的烙印……,你生来明彻生来多情也遥渡秋水遥渡河星余下那空濛的一息入秀逸山岚今古潮汐一生是漫长又瑰奇的瞬息何谓枯荣又何谓云泥像孤舟巡游 不为逝水追惜在初逢灯火 在别时钟磬自在随心,5611111596,0,2022/3/14 10:01
河丘风雪夜,267079931,26,1,370000,371700,回首前尘往事，总有许多忘不了的人和事。有时，往事的本身也许并不出众，你之所以记得它，因为它是你成长的烙印……,一生奔赴一场大无畏梦境,5611112182,1,2022/3/14 10:00
咕嘟炭,1381517133,33,2,610000,610400,,加油我初三,5610540508,0,2022/3/13 16:20
给莹莹提鞋,113518564,27,1,450000,450800,爱老婆真是太好了,这首歌陪我度过了2020年半个月的抗洪抢险,5610242504,7,2022/3/13 8:50
Murasame苏楚陌,575914967,19,1,230000,230600,自有江湖梦中客，应于暮雨楚山中,因为时间转瞬即逝，所以我们更应该珍惜美好的当下[多多耍酷],5608599559,1,2022/3/10 23:58
Murasame苏楚陌,575914967,19,1,230000,230600,自有江湖梦中客，应于暮雨楚山中,Rap部分略微低沉以及速度偏快呼应开头不太激昂的主歌部分，明暗线交叉，明线慷慨激昂速度偏慢的副歌，暗线温柔细腻速度偏快的主歌及Rap部分，表达了临姐对于古风的热爱以及努力，抒发了琉璃美好且又易碎主旨，对于类似于琉璃这一美好的事物，我们更应该珍惜，比如美好的当下又是易碎的，因为时间转瞬即,5608600734,12,2022/3/10 23:58
Mos辞旧,1870513362,0,2,420000,420100,谨言慎行,真好,5608540256,0,2022/3/10 22:52
羽沫酱,556420172,23,2,360000,360200,要简简单单，快快乐乐?,因为琉璃的曲调写的并不特别。。银临其他火的歌就还好,5608517128,0,2022/3/10 22:25
oxygenyy886,1541004201,21,2,440000,440600,人生是没有意义的,银临在古风歌圈里真的蛮火的 我听了她很多歌 我感觉每个歌都不同 但是大部分听的感觉都是很悲[大哭],5608059298,0,2022/3/10 1:08
云村村民163835997580340,6334768982,0,0,440000,440100,,好像牵丝戏啊,5607854489,0,2022/3/9 21:21
好想成为独角兽,1661647816,0,1,430000,430100,享受属于你的生活,很可惜，是真的,5607697999,5,2022/3/9 16:41
爱抠脚的越大小姐,1468867063,22,2,510000,511600,愿君世有朝暮，而我为朝暮,爱写的太好了，曲太有意境了,5607663565,2,2022/3/9 15:09
爱抠脚的越大小姐,1468867063,22,2,510000,511600,愿君世有朝暮，而我为朝暮,日推打卡,5607663468,3,2022/3/9 15:08
emo的星雨,1790302896,21,1,330000,330200,,有被惊艳到，歌词意境很美,5607314648,1,2022/3/8 22:23
无敌大猩猩_,556168536,28,2,1000000,1005300,,英雄所见略同,5606620079,9,2022/3/8 1:44
流年梦杳,570105825,0,0,440000,440500,,捞,5606285586,0,2022/3/7 19:39
月亮的无名指,626058179,0,1,370000,371000,,琉璃火中去，江风月下鸣我今持一击，问瀚海浮冰,5606284823,4,2022/3/7 19:34
Daisyawa,2045617664,17,2,330000,330900,浮舟沧海，立马昆仑。,好喜欢“小小蓬瀛”的调子，最近脑子里都是这句,5606262011,3,2022/3/7 18:53
辞暮之风,6284051056,0,0,110000,110101,,来找的好多都是洛千盈啊，很少有陆准来找这首歌叭?,5606035439,0,2022/3/7 13:59
辞暮之风,6284051056,0,0,110000,110101,,我也是洛千盈！！！,5606035959,0,2022/3/7 13:57
误清秋丶,3877652248,0,0,230000,230100,,这个是历史遗留问题了，早期古风圈就这样，大多数的和弦都是4536251，用其他的或多或少都会觉得违和，这个风格很难扩展，所以听很多的歌都会觉得有相似的地方,5605900451,2,2022/3/7 9:48
公子忘川,577156015,26,1,530000,530400,,睡不着，来听听。,5605846926,0,2022/3/7 4:40
我好想18年哦,1488243898,0,2,370000,370200,祭司。,#NAME?,5605824992,0,2022/3/7 2:05
辰_today,373163499,25,0,120000,120101,,陆准[流泪][流泪][流泪][流泪],5605803238,2,2022/3/7 1:10
余斯年a,1342222272,0,2,0,100,,刚刚给喜欢的男孩子唱了这首歌！“你多荒诞不经，多鲜活，多昳丽”,5605641410,3,2022/3/6 21:59
言如韫,597551460,0,0,320000,320500,,有境格自高,5605457632,0,2022/3/6 17:35
嘣嘣啊_,608067094,23,2,410000,410200,勘破三春景不长。,诚邀大家去听纯伴奏，谁听了不说一句穷叔nb,5604977542,13,2022/3/6 0:13
yun2t,34726837,0,0,440000,440100,,范冬梅,5604959049,0,2022/3/5 23:55
再无心墙,1327311906,0,1,0,100,又不止我一个,扬汤止沸-,5604927759,0,2022/3/5 23:24
你忘了你的执念,2085311553,0,0,0,100,,太难唱了 对我来说,5604630821,0,2022/3/5 17:51
小太阳是你呀,477515114,0,2,0,100,,自在随心,5604489940,0,2022/3/5 13:48
Layceni,381901730,0,1,0,100,常听常喜，银临子?,果然还是最喜欢银临姐姐的歌,5604104187,1,2022/3/4 22:30
煊荞,137042011,25,2,410000,410300,我会游向远空 筑星的港 闪引路的灯明灭在你眼中 再渡你归程,谁哭了？？？,5603750751,0,2022/3/4 11:52
李玖叄,249936739,30,2,610000,610100,我是小妖怪，逍遥又自在,每日推荐歌单顺序播放，连续两首，好好听，加入歌单：”歌单内歌曲重复“,5603720432,0,2022/3/4 10:37
fionaweb,1564833025,0,2,510000,510100,web护我！,站在山上 纵身,5603669252,0,2022/3/4 8:02
杀死那个差评人,254071994,25,0,310000,310101,与我写尽空山，与我万籁归临,千百星辰在上，万物沉没光影,5603289614,0,2022/3/3 17:16
WhiterThanWhite,61804182,0,2,310000,310101,,这首有点像牵丝戏,5603136166,1,2022/3/3 10:28
Focalors0103,1850770015,0,2,440000,440100,一起去未来,永远都有重新来过的勇气，祝一切顺利?,5602921561,2,2022/3/2 23:24
长安那个某某某,295043461,0,2,0,100,,可能我不是学音乐的，我听不出来，比如忘川风华录，就感觉很多变。,5602511694,1,2022/3/2 10:21
蔡灰某帆,432725692,2,1,420000,420100,无,中间的吟唱yyds[多多比耶],5602326935,1,2022/3/1 23:18
长信月,2061888275,18,2,150000,150400,,加油鸭，我也是高三,5601669693,0,2022/3/1 1:15
千万莫求全,453322075,0,1,320000,320500,不能拥有美好幸运,奔赴,5601539162,1,2022/2/28 22:58
烧煤油的小笼包,572377197,19,1,110000,110101,心在甲烷中炽烈，一盏蓝焰冬已竭,致我的航天梦,5601480888,2,2022/2/28 21:47
平安喜乐事事顺意,1523349755,21,2,0,100,祝你每天都很快乐,银临的歌不需要挑，都好美[亲亲],5599909263,6,2022/2/26 18:34
Vampire_JPY,1425097501,0,2,410000,410800,,想到周生辰了[多多大哭][多多大哭],5599803999,0,2022/2/26 15:44
黯御柒灵,418734328,1,1,320000,321100,长路漫漫，唯曲作伴,加油同高三,5599790007,0,2022/2/26 15:23
十六的邻,398428947,0,1,320000,320100,我不愿忘记你的眼睛,戴着镣铐也要跳舞,5599613764,1,2022/2/26 10:32
祝知离,1957489232,0,2,340000,340800,,数学基础题一定要多刷，那些题简单又是能够获取的范畴，千万不要放弃啊,5599542024,0,2022/2/26 6:13
祝知离,1957489232,0,2,340000,340800,,数学选择真的很重要，哪里弱就刷哪里，不要怕也不要觉得麻烦，真的要刷，我最开始数学就是靠选择题帮了很多忙才给我挣到一百多分的,5599541098,0,2022/2/26 6:12
#NAME?,490297479,20,1,360000,360700,,我记得winky诗的《松烟入墨》作词就是择荇,5599362812,3,2022/2/25 22:38
凌川Asla,3331531503,33,2,0,100,学生音乐人,是,5599348469,0,2022/2/25 22:25
是江风引雨啊,1792168990,0,0,370000,371100,收藏如山倒，听歌如抽丝,太强了，从词到曲到歌手,5599139512,2,2022/2/25 17:11
Jungjessica,1326905917,0,2,370000,370700,,可是陆准爱的是你，无论你怎么说,5598835931,1,2022/2/25 1:05
o若铃o,477676440,0,2,1000000,1003100,,同高三，我是理科生，马上一模，我今天还刚刚做了一个一模抄袭被抓的梦，我最近一次测试也错了好多，我也快崩溃了。但是我们除了坚持，能做的还有什么？坚持不一定有进步，不坚持真的没有进步,5598260019,0,2022/2/24 6:43
唯剑与雪,4026691768,33,0,1000000,1003500,清风来对阵,尽力了就好，高考之后不觉得后悔没努力就算圆满了,5596776335,0,2022/2/22 9:52
皮卡丘暴打哥斯拉,1755191307,0,2,370000,370100,,学音乐的就好说了，举个例子，同一个人的一个时期的创作的调性音乐,5596020584,1,2022/2/21 7:52
zxehleh,294796516,0,0,350000,350100,,琉璃3听琉璃[多多大笑],5595702707,1,2022/2/20 20:01
渔川冬,1474766672,20,1,130000,130600,吾与汝俱少年，以为虽暂相别，终当久相与处。,努力刷数学题，大半失误来源于能力不足。地理看b站老师解题视频，学习一个思维就可以，把大题模板背一背，见多识广。但是，请真的先学数学，不行就从最基础的默写答案，背诵答案，进而理解答案，我们并没有自己想的那样，真的学会了知识。加油，陌生人,5595057828,0,2022/2/19 22:29
